,org,repopath_first5,desc_most_stars,repo_count,stars_mean,stars_median,stars_max,stars_min,stars_sum,stars_hist,forks_mean,forks_median,forks_max,forks_min,forks_sum,watches_mean,watches_median,watches_max,watches_min,watches_sum,age_weeks_mean,age_weeks_median,age_weeks_max,age_weeks_min,age_weeks_hist,stars_per_week_mean,stars_per_week_median,stars_per_week_max,stars_per_week_min,stars_per_week_sum,stars_per_week_hist,created_at_max,created_at_min,updated_at_max,updated_at_min,last_commit_date_max,last_commit_date_min
0,bitcoin,"bitcoin/bitcoin,bitcoin/bips,bitcoin/libbase58,bitcoin/libblkmaker",Bitcoin Core integration/staging tree,4,15813.0,2904.0,57327,117,63252,"â–ˆâ–â–â–â–â–â–„â–â–â–„<br />117 to 57,327",8525.25,1958.5,30048,136,34101,1158.25,374.0,3846,39,4633,421.0,390.0,562,342,â–ˆâ–ˆâ–â–ˆâ–â–â–â–â–â–ˆ<br />342 to 562,29.1,7.09,101.88,0.34,116.4,â–ˆâ–â–â–â–â–„â–â–â–â–„<br />0 to 102,2015-03-10,2010-12-19,2021-10-01,2021-09-29,2021-10-01,2018-02-19
1,ethereum,"ethereum/go-ethereum,ethereum/wiki,ethereum/solidity,ethereum/mist,ethereum/EIPs",Official Go implementation of the Ethereum protocol,124,918.24,142.0,32557,25,113862,"â–‡â–ˆâ–‡â–„â–„â–‚â–‚â–â–â–<br />25 to 32,557",332.23,56.5,12001,1,41196,86.8,22.0,2116,6,10763,247.39,257.5,405,15,â–â–â–â–â–‚â–‚â–‚â–„â–†â–ˆ<br />15 to 405,3.0,0.74,80.36,0.07,372.33,â–ˆâ–„â–ƒâ–‚â–‚â–â–â–â–â–<br />0 to 80,2021-06-16,2013-12-24,2021-10-01,2020-04-22,2021-10-01,2014-09-04
2,dogecoin,"dogecoin/dogecoin,dogecoin/dogecoin.com,dogecoin/libdohj,dogecoin/dips",very currency,4,3380.0,244.5,13003,28,13520,"â–ˆâ–ˆâ–â–â–ˆâ–â–â–â–â–ˆ<br />28 to 13,003",648.5,138.0,2301,17,2594,241.5,48.5,860,9,966,384.5,396.5,408,337,â–„â–â–â–â–â–â–â–„â–â–ˆ<br />337 to 408,8.3,0.62,31.87,0.07,33.19,â–ˆâ–„â–â–â–â–â–â–â–â–„<br />0 to 32,2015-04-11,2013-12-06,2021-10-01,2021-07-11,2021-09-20,2014-06-30
3,hyperledger,"hyperledger/fabric,hyperledger/hyperledger,hyperledger/fabric-samples,hyperledger/sawtooth-core,hyperledger/blockchain-explorer",Hyperledger Fabric is an enterprise-grade permissioned distributed ledger framework for developing solutions and applications. Its modular and versatile design satisfies a broad range of industry use cases. It offers a unique approach to consensus that enables performance at scale while preserving privacy.,63,509.48,128.0,12600,25,32097,"â–ˆâ–ˆâ–†â–…â–„â–ƒâ–‚â–â–â–<br />25 to 12,600",324.98,79.0,7382,12,20474,64.57,26.0,1033,5,4068,176.14,177.0,329,22,â–â–â–â–â–‚â–†â–…â–…â–ˆâ–†<br />22 to 329,2.23,0.79,47.34,0.12,140.54,â–ˆâ–†â–„â–ƒâ–‚â–â–â–â–â–<br />0 to 47,2021-04-27,2015-06-08,2021-10-01,2021-07-29,2021-10-01,2019-09-29
4,openzeppelin,"OpenZeppelin/openzeppelin-contracts,OpenZeppelin/ethernaut,OpenZeppelin/openzeppelin-sdk,OpenZeppelin/openzeppelin-contracts-upgradeable,OpenZeppelin/damn-vulnerable-defi",OpenZeppelin Contracts is a library for secure smart contract development.,25,645.16,95.0,12546,32,16129,"â–ˆâ–‡â–ƒâ–…â–‚â–‚â–â–â–â–‚<br />32 to 12,546",306.96,37.0,6303,4,7674,35.36,13.0,546,3,884,129.92,130.0,269,6,â–‚â–â–‚â–â–ƒâ–‚â–‚â–‡â–‡â–ˆ<br />6 to 269,3.54,1.17,46.54,0.22,88.61,â–ˆâ–†â–†â–ƒâ–‚â–â–‚â–â–â–‚<br />0 to 47,2021-08-18,2016-08-01,2021-10-01,2021-04-08,2021-09-29,2018-06-06
5,chainsafe,"ChainSafe/web3.js,ChainSafe/lodestar,ChainSafe/forest,ChainSafe/gossamer,ChainSafe/ChainBridge",Ethereum JavaScript API,16,831.88,46.5,11440,28,13310,"â–ˆâ–‚â–‚â–ƒâ–ƒâ–â–â–â–â–‚<br />28 to 11,440",251.94,21.5,3468,0,4031,41.62,15.0,423,6,666,113.94,97.0,365,18,â–ƒâ–‚â–â–â–‚â–ˆâ–‚â–„â–â–‚<br />18 to 365,3.41,0.85,31.31,0.25,54.62,â–ˆâ–‚â–ƒâ–„â–â–‚â–â–â–â–‚<br />0 to 31,2021-05-22,2014-09-30,2021-10-01,2021-07-24,2021-09-30,2019-02-18
6,eosio,"EOSIO/eos,EOSIO/Documentation,EOSIO/eosjs,EOSIO/eosio.cdt,EOSIO/demux-js",An open source smart contract platform ,37,494.38,68.0,11258,26,18292,"â–ˆâ–„â–„â–„â–‚â–â–‚â–‚â–â–‚<br />26 to 11,258",218.84,39.0,3649,6,8097,75.7,39.0,1059,11,2801,169.95,167.0,234,108,â–‚â–‚â–‡â–‚â–‚â–†â–„â–â–‚â–ˆ<br />108 to 234,2.3,0.43,48.05,0.12,85.11,â–ˆâ–„â–‚â–â–â–â–â–â–â–<br />0 to 48,2019-09-02,2017-04-05,2021-09-30,2020-05-30,2021-09-23,2017-07-06
7,chia-network,"Chia-Network/chia-blockchain,Chia-Network/pool-reference,Chia-Network/chia-blockchain-gui,Chia-Network/chiapos,Chia-Network/bls-signatures","Chia blockchain python implementation (full node, farmer, harvester, timelord, and wallet)",15,766.87,151.0,9356,33,11503,"â–ˆâ–†â–†â–†â–ƒâ–â–â–â–â–ƒ<br />33 to 9,356",202.67,51.0,1620,13,3040,56.07,28.0,351,12,841,90.07,81.0,197,11,â–ƒâ–ƒâ–â–†â–â–ƒâ–„â–„â–ƒâ–ˆ<br />11 to 197,9.55,1.39,81.05,0.37,143.21,â–ˆâ–ƒâ–‚â–‚â–‚â–‚â–‚â–â–â–‚<br />0 to 81,2021-07-10,2017-12-16,2021-10-01,2021-05-26,2021-09-30,2018-10-11
8,monero-project,"monero-project/monero,monero-project/monero-gui,monero-project/kovri,monero-project/monero-site,monero-project/research-lab","Monero: the secure, private, untraceable cryptocurrency",9,919.67,138.0,6242,52,8277,"â–ˆâ–ˆâ–ˆâ–â–„â–„â–â–â–â–„<br />52 to 6,242",481.78,55.0,3072,25,4336,96.67,53.0,489,7,870,321.11,339.0,387,206,â–ƒâ–â–â–ƒâ–â–â–†â–ƒâ–ƒâ–ˆ<br />206 to 387,2.51,0.45,16.12,0.14,22.55,â–ˆâ–â–â–‚â–‚â–â–â–â–â–‚<br />0 to 16,2017-10-18,2014-04-30,2021-09-30,2021-05-18,2021-09-29,2015-08-15
9,paritytech,"paritytech/substrate,paritytech/polkadot,paritytech/wasmi,paritytech/parity-bitcoin,paritytech/ink",Substrate: The platform for blockchain innovators,67,275.18,69.0,5668,25,18437,"â–ˆâ–…â–„â–„â–ƒâ–‚â–‚â–â–â–‚<br />25 to 5,668",83.01,26.0,1697,3,5562,31.6,16.0,424,4,2117,151.6,151.0,295,28,â–â–â–‚â–‚â–„â–†â–‚â–ˆâ–„â–‡<br />28 to 295,1.74,0.64,27.86,0.09,116.71,â–ˆâ–…â–„â–‚â–â–â–â–â–â–<br />0 to 28,2021-03-15,2016-02-01,2021-10-01,2021-04-22,2021-10-01,2018-01-08
10,consensys,"ConsenSys/smart-contract-best-practices,ConsenSys/quorum,ConsenSys/ethereum-developer-tools-list,ConsenSys/mythril,ConsenSys/Tokens",A guide to smart contract security best practices,71,333.25,71.0,4494,26,23661,"â–ˆâ–„â–„â–ƒâ–‚â–ƒâ–â–‚â–â–‚<br />26 to 4,494",107.37,32.0,1099,3,7623,40.0,27.0,332,3,2840,180.14,173.0,344,43,â–â–â–‚â–„â–ƒâ–‡â–‡â–ˆâ–‡â–„<br />43 to 344,1.6,0.41,16.38,0.13,113.47,â–ˆâ–‚â–‚â–‚â–â–‚â–â–â–â–‚<br />0 to 16,2020-12-04,2015-02-26,2021-10-01,2020-10-18,2021-10-01,2016-10-25
11,zcash,"zcash/zcash,zcash/librustzcash,zcash/zips,zcash/mpc,zcash/halo2",Zcash - Internet Money,9,594.44,118.0,4461,29,5350,"â–†â–ƒâ–ˆâ–†â–â–â–â–â–â–ƒ<br />29 to 4,461",259.44,41.0,1848,21,2335,65.33,22.0,402,11,588,226.89,254.0,357,57,â–ƒâ–â–â–â–â–†â–â–ƒâ–ˆâ–†<br />57 to 357,1.97,0.5,12.47,0.11,17.69,â–ˆâ–„â–ƒâ–â–ƒâ–â–â–â–â–ƒ<br />0 to 12,2020-08-24,2014-11-22,2021-09-30,2020-09-30,2021-09-30,2017-02-09
12,solana-labs,"solana-labs/solana,solana-labs/solana-program-library,solana-labs/dapp-scaffold,solana-labs/solana-web3.js,solana-labs/solana-season","Web-Scale Blockchain for fast, secure, scalable, decentralized apps and marketplaces.",18,425.28,130.0,4263,30,7655,"â–ˆâ–ˆâ–ƒâ–„â–†â–„â–ƒâ–â–â–ƒ<br />30 to 4,263",191.5,78.5,813,11,3447,34.11,21.5,171,13,614,68.28,48.5,189,23,â–ˆâ–„â–ƒâ–ˆâ–â–†â–ƒâ–â–â–†<br />23 to 189,5.34,2.56,22.52,0.2,96.19,â–ƒâ–ˆâ–â–†â–ƒâ–â–â–â–â–ƒ<br />0 to 23,2021-04-22,2018-02-14,2021-10-01,2021-09-13,2021-10-01,2020-11-16
13,litecoin-project,"litecoin-project/litecoin,litecoin-project/liteaddress.org,litecoin-project/lips,litecoin-project/liteaddress.org-old,litecoin-project/p2sh-convert",Litecoin source tree,8,534.0,43.0,3949,25,4272,"â–ˆâ–ˆâ–ƒâ–â–â–â–â–â–â–ƒ<br />25 to 3,949",384.12,52.5,2764,9,3073,91.88,29.5,529,17,735,371.25,412.0,485,194,â–„â–„â–â–â–â–â–„â–„â–ˆâ–ˆ<br />194 to 485,1.15,0.14,8.14,0.06,9.17,â–ˆâ–â–â–â–â–â–â–â–â–‚<br />0 to 8,2018-01-09,2012-06-13,2021-10-01,2021-05-18,2021-06-10,2013-07-07
14,ripple,"ripple/rippled,ripple/ripple-client,ripple/ripplecharts-frontend,ripple/ripple-client-desktop,ripple/rippled-historical-database",Decentralized cryptocurrency blockchain daemon implementing the XRP Ledger in C++,10,596.2,85.5,3947,36,5962,"â–ˆâ–ˆâ–ƒâ–ƒâ–â–â–â–ƒâ–â–ƒ<br />36 to 3,947",246.0,80.0,1265,24,2460,151.4,34.5,715,17,1514,395.5,397.5,516,241,â–ƒâ–â–â–â–ƒâ–†â–ˆâ–â–†â–ƒ<br />241 to 516,1.24,0.23,7.64,0.08,12.35,â–ˆâ–ƒâ–â–â–â–â–‚â–â–â–‚<br />0 to 8,2017-02-17,2011-11-07,2021-09-30,2020-06-29,2021-09-21,2015-10-26
15,input-output-hk,"input-output-hk/cardano-sl,input-output-hk/cardano-node,input-output-hk/plutus,input-output-hk/daedalus,input-output-hk/plutus-pioneer-program",Cryptographic currency implementing Ouroboros PoS protocol,63,242.46,71.0,3687,25,15275,"â–ˆâ–ˆâ–†â–…â–â–‚â–â–‚â–â–<br />25 to 3,687",67.6,29.0,613,2,4259,44.43,26.0,447,4,2799,148.63,153.0,338,3,â–â–â–â–‚â–‚â–‚â–„â–…â–ˆâ–‡<br />3 to 338,3.3,0.59,58.33,0.11,208.08,â–ˆâ–„â–‚â–‚â–â–â–â–â–â–<br />0 to 58,2021-09-10,2015-04-06,2021-10-01,2020-07-02,2021-10-01,2017-03-21
16,neo-project,"neo-project/neo,neo-project/neo-gui-2.x,neo-project/neo-node,neo-project/docs,neo-project/neo-vm",NEO Smart Economy,11,413.91,136.0,3306,28,4553,"â–„â–„â–â–ˆâ–„â–â–â–â–â–ƒ<br />28 to 3,306",214.0,136.0,968,20,2354,70.27,38.0,392,15,773,236.0,229.0,330,170,â–ƒâ–â–â–ˆâ–„â–ƒâ–„â–â–â–ƒ<br />170 to 330,1.4,0.59,10.0,0.13,15.36,â–ˆâ–†â–†â–â–â–â–â–â–â–ƒ<br />0 to 10,2018-06-29,2015-05-31,2021-09-30,2020-08-28,2021-09-29,2018-03-26
17,nanocurrency,"nanocurrency/nano-node,nanocurrency/nano-docs,nanocurrency/nano-work-server,nanocurrency/protocol,nanocurrency/nano-pow",Nano is a cryptocurrency,5,703.6,60.0,3287,27,3518,"â–ˆâ–„â–„â–â–â–â–â–â–â–„<br />27 to 3,287",177.8,37.0,742,6,889,67.4,17.0,274,13,337,194.8,156.0,387,124,â–ˆâ–â–„â–„â–â–â–â–â–â–„<br />124 to 387,2.02,0.34,8.49,0.2,10.11,â–ˆâ–â–ƒâ–â–â–â–â–â–â–ƒ<br />0 to 8,2019-05-12,2014-05-01,2021-10-01,2021-03-21,2021-09-30,2019-10-08
18,status-im,"status-im/status-react,status-im/react-native-desktop-qt,status-im/status-go,status-im/nimbus-eth1,status-im/nimbus-eth2","a free (libre) open source, mobile OS for Ethereum",39,199.74,55.0,3240,25,7790,"â–ˆâ–„â–ƒâ–„â–â–â–â–â–â–<br />25 to 3,240",46.79,10.0,835,1,1825,34.21,27.0,182,8,1334,168.38,176.0,292,29,â–‚â–â–â–â–â–â–ƒâ–†â–ˆâ–ƒ<br />29 to 292,0.96,0.42,11.07,0.1,37.41,â–ˆâ–„â–ƒâ–‚â–‚â–â–â–â–â–<br />0 to 11,2021-03-11,2016-02-22,2021-10-01,2018-11-21,2021-09-30,2017-06-20
19,golemfactory,"golemfactory/clay,golemfactory/yagna,golemfactory/golem-electron,golemfactory/awesome-golem,golemfactory/golem-crowdfunding",Golem is creating a global market for computing power.,7,495.71,85.0,2962,38,3470,"â–ˆâ–ˆâ–„â–„â–â–â–â–â–â–„<br />38 to 2,962",58.71,20.0,319,6,411,51.43,17.0,255,8,360,197.14,233.0,306,48,â–„â–â–â–„â–â–â–â–„â–ˆâ–ˆ<br />48 to 306,2.03,0.42,9.67,0.16,14.23,â–ˆâ–â–â–„â–â–â–â–â–â–ƒ<br />0 to 10,2020-10-29,2015-11-18,2021-09-30,2021-07-06,2021-09-30,2016-11-10
20,tronprotocol,"tronprotocol/java-tron,tronprotocol/documentation,tronprotocol/wallet-cli,tronprotocol/sun-network,tronprotocol/tronweb",Java implementation of the Tron whitepaper,17,255.76,72.0,2821,26,4348,"â–ˆâ–…â–…â–„â–„â–‚â–â–â–â–‚<br />26 to 2,821",153.06,81.0,965,14,2602,40.18,21.0,332,4,683,153.35,160.0,196,43,â–‚â–â–â–â–â–â–ƒâ–„â–…â–ˆ<br />43 to 196,1.43,0.5,14.36,0.16,24.35,â–ˆâ–ƒâ–ƒâ–‚â–â–â–â–â–â–‚<br />0 to 14,2020-12-01,2017-12-26,2021-09-29,2020-09-11,2021-09-14,2018-12-11
21,stellar,"stellar/stellar-core,stellar/go,stellar/kelp,stellar/js-stellar-sdk,stellar/stellar-protocol",stellar-core is the reference implementation for the peer to peer agent that manages the Stellar network,23,323.22,98.0,2799,27,7434,"â–ˆâ–ƒâ–†â–„â–‚â–„â–‚â–ƒâ–â–‚<br />27 to 2,799",144.43,78.0,925,18,3322,44.91,27.0,277,11,1033,248.7,269.0,388,95,â–„â–‚â–ƒâ–‚â–â–ƒâ–ƒâ–‚â–‡â–ˆ<br />95 to 388,1.23,0.48,7.83,0.11,28.2,â–ˆâ–„â–ƒâ–‚â–‚â–‚â–â–‚â–â–‚<br />0 to 8,2019-12-04,2014-04-23,2021-10-01,2021-06-08,2021-09-30,2017-05-20
22,cosmos,"cosmos/cosmos-sdk,cosmos/cosmos,cosmos/ethermint-archive,cosmos/ibc,cosmos/gaia",:chains: A Framework for Building High Value Public Blockchains :sparkles:,26,285.58,80.5,2791,29,7425,"â–ˆâ–ˆâ–‡â–â–ƒâ–†â–‚â–‚â–â–‚<br />29 to 2,791",149.58,101.0,1240,13,3889,37.58,22.5,205,4,977,138.77,130.0,294,33,â–â–‚â–â–â–…â–„â–ˆâ–‚â–„â–„<br />33 to 294,1.59,0.93,9.47,0.23,41.26,â–‡â–ˆâ–„â–„â–‚â–…â–‚â–â–â–‚<br />0 to 9,2021-02-10,2016-02-06,2021-10-01,2020-12-11,2021-09-30,2019-07-14
23,liskhq,"LiskHQ/lisk-sdk,LiskHQ/lisk-desktop,LiskHQ/lisk-explorer,LiskHQ/lisk-core,LiskHQ/lisk-mobile",ğŸ”© Lisk software development kit,9,424.33,88.0,2758,30,3819,"â–ˆâ–ƒâ–†â–ƒâ–â–â–ƒâ–â–â–ƒ<br />30 to 2,758",86.33,40.0,464,5,777,44.44,22.0,220,15,400,193.56,179.0,298,124,â–ˆâ–â–„â–„â–„â–ˆâ–â–â–â–ˆ<br />124 to 298,1.66,0.41,9.33,0.18,14.97,â–ˆâ–‚â–‚â–â–â–‚â–â–â–â–‚<br />0 to 9,2019-05-16,2016-01-11,2021-09-30,2021-08-25,2021-09-30,2018-07-23
24,uniswap,"Uniswap/interface,Uniswap/v3-core,Uniswap/v2-core,Uniswap/v3-periphery,Uniswap/v2-periphery",ğŸ¦„ An open source interface for the Uniswap protocol,34,288.44,88.0,2511,25,9807,"â–†â–ƒâ–ˆâ–ƒâ–†â–ƒâ–ƒâ–â–ƒâ–‚<br />25 to 2,511",277.59,77.5,2348,9,9438,25.15,14.5,160,3,855,83.91,71.0,204,15,â–â–â–†â–„â–ˆâ–„â–ˆâ–ˆâ–†â–„<br />15 to 204,3.6,1.83,19.49,0.13,122.29,â–†â–…â–ˆâ–ˆâ–ƒâ–…â–â–‚â–ƒâ–ƒ<br />0 to 19,2021-06-17,2017-10-29,2021-10-01,2021-09-05,2021-09-29,2018-10-26
25,blockstack,"blockstack/stacks-blockchain,blockstack/stacks,blockstack/blockstack-browser,blockstack/stacks.js,blockstack/gaia",The Stacks 2.0 blockchain implementation,34,261.5,54.5,2465,25,8891,"â–…â–ˆâ–ƒâ–ƒâ–â–‚â–â–‚â–‚â–‚<br />25 to 2,465",75.47,31.5,472,5,2566,34.65,19.5,191,7,1178,243.76,246.0,405,81,â–ƒâ–â–â–ƒâ–†â–‚â–‚â–„â–‡â–ˆ<br />81 to 405,0.86,0.29,6.73,0.06,29.16,â–ˆâ–ƒâ–ƒâ–â–â–‚â–â–â–â–<br />0 to 7,2020-03-09,2013-12-21,2021-10-01,2020-09-05,2021-09-30,2016-07-18
26,smartcontractkit,"smartcontractkit/chainlink,smartcontractkit/full-blockchain-solidity-course-py,smartcontractkit/chainlink-ruby,smartcontractkit/external-adapters-js,smartcontractkit/chainlink-polkadot","node of the decentralized oracle network, bridging on and off-chain computation",12,380.5,104.5,2294,34,4566,"â–„â–â–ˆâ–‚â–â–â–â–â–‚â–‚<br />34 to 2,294",123.0,50.0,696,9,1476,57.17,46.5,232,9,686,110.67,88.5,263,9,â–ƒâ–â–â–†â–ƒâ–â–ˆâ–ƒâ–ƒâ–ˆ<br />9 to 263,14.27,1.37,146.58,0.27,171.27,â–‡â–ˆâ–‚â–â–‚â–â–â–â–â–‚<br />0 to 147,2021-07-27,2016-09-16,2021-10-01,2021-06-11,2021-10-01,2018-06-20
27,prysmaticlabs,"prysmaticlabs/prysm,prysmaticlabs/ethereumapis,prysmaticlabs/prysm-web-ui,prysmaticlabs/go-ssz",Go implementation of Ethereum proof of stake,4,584.25,41.5,2228,26,2337,"â–ˆâ–„â–â–â–â–â–â–â–â–„<br />26 to 2,228",149.75,29.0,522,19,599,35.75,9.5,120,4,143,123.5,120.5,194,59,â–ˆâ–â–â–â–â–ˆâ–ˆâ–â–â–ˆ<br />59 to 194,3.16,0.47,11.48,0.21,12.63,â–ˆâ–â–â–â–â–â–â–â–â–ƒ<br />0 to 11,2020-08-12,2018-01-11,2021-09-30,2021-07-29,2021-09-30,2021-01-21
28,iotaledger,"iotaledger/legacy-wallet-use-trinity-wallet-instead,iotaledger/iri,iotaledger/iota.js,iotaledger/trinity-wallet,iotaledger/iota.py",IOTA Wallet,60,159.6,55.0,2130,25,9576,"â–ˆâ–ˆâ–„â–ƒâ–ƒâ–ƒâ–â–â–‚â–<br />25 to 2,130",47.2,20.0,416,2,2832,27.07,18.0,262,3,1624,156.27,147.5,275,44,â–â–ƒâ–„â–â–„â–ƒâ–ƒâ–†â–ƒâ–ˆ<br />44 to 275,0.99,0.47,7.85,0.12,59.27,â–ˆâ–…â–‚â–‚â–‚â–‚â–â–‚â–â–<br />0 to 8,2020-11-27,2016-06-24,2021-10-01,2021-02-08,2021-10-01,2017-04-30
29,storj,"storj/storj,storj/drpc,storj/storjshare-gui,storj/core,storj/storjshare-daemon","Ongoing Storj v3 development. Decentralized cloud object storage that is affordable, easy to use, private, and secure.",14,336.07,98.0,1997,27,4705,"â–ˆâ–ˆâ–ƒâ–ƒâ–ƒâ–ƒâ–†â–â–ƒâ–ƒ<br />27 to 1,997",60.29,39.5,305,7,844,44.57,32.5,113,10,624,224.71,252.5,376,84,â–„â–ƒâ–â–ƒâ–â–ƒâ–ƒâ–ˆâ–†â–ƒ<br />84 to 376,1.86,0.49,10.96,0.11,26.03,â–ˆâ–„â–‚â–ƒâ–â–â–â–â–‚â–‚<br />0 to 11,2020-02-21,2014-07-15,2021-09-30,2020-04-18,2021-09-30,2018-04-19
30,steemit,"steemit/steem,steemit/condenser,steemit/steem-js,steemit/steem-python,steemit/devportal",The blockchain for Smart Media Tokens (SMTs) and decentralized applications.,10,338.3,94.5,1906,25,3383,"â–ˆâ–ƒâ–ƒâ–ƒâ–ƒâ–â–†â–â–â–ƒ<br />25 to 1,906",180.1,69.5,779,24,1801,63.7,45.5,234,12,637,245.8,242.0,288,185,â–ƒâ–â–â–â–ƒâ–ˆâ–†â–â–ƒâ–†<br />185 to 288,1.23,0.39,6.61,0.1,12.28,â–ˆâ–‚â–‚â–â–„â–â–â–â–â–‚<br />0 to 7,2018-03-13,2016-03-23,2021-09-29,2019-05-26,2021-08-06,2018-03-20
31,raiden-network,"raiden-network/raiden,raiden-network/microraiden,raiden-network/raiden-token,raiden-network/raiden-contracts,raiden-network/workshop",Raiden Network,5,457.8,46.0,1814,25,2289,"â–„â–ˆâ–â–â–â–â–„â–â–â–„<br />25 to 1,814",115.4,46.0,382,16,577,61.6,21.0,190,17,308,215.4,217.0,296,153,â–„â–â–„â–â–â–ˆâ–â–â–â–„<br />153 to 296,1.68,0.21,6.13,0.16,8.39,â–ˆâ–â–â–â–ƒâ–â–â–â–â–ƒ<br />0 to 6,2018-10-24,2016-01-29,2021-09-29,2019-06-06,2021-09-29,2017-11-14
32,nucypher,"nucypher/zerodb,nucypher/nucypher,nucypher/nufhe,nucypher/pyUmbral,nucypher/zerodb-server","*This project is no longer actively maintained. If you'd like to become the maintainer, please let us know.* ZeroDB is an end-to-end encrypted database. Data can be stored and queried on untrusted database servers without ever exposing the encryption key. Clients can execute remote queries against the encrypted data without downloading all of it or suffering an excessive performance hit.",11,277.91,52.0,1567,25,3057,"â–ˆâ–„â–â–â–ƒâ–ƒâ–ƒâ–ƒâ–â–ƒ<br />25 to 1,567",46.82,18.0,236,3,515,22.27,14.0,83,5,245,203.09,196.0,303,61,â–ƒâ–â–â–â–â–â–†â–ˆâ–ƒâ–„<br />61 to 303,1.15,0.41,5.16,0.12,12.68,â–ˆâ–„â–â–‚â–â–‚â–‚â–â–â–‚<br />0 to 5,2020-07-28,2015-12-06,2021-10-01,2020-03-31,2021-09-30,2016-07-28
33,dashpay,"dashpay/dash,dashpay/dash-roadmap,dashpay/dips,dashpay/p2pool-dash,dashpay/electrum-dash-old",Dash - Reinventing Cryptocurrency,10,176.1,36.5,1409,28,1761,"â–ˆâ–„â–â–â–â–â–â–â–â–‚<br />28 to 1,409",181.7,61.5,1144,21,1817,40.1,20.0,215,13,401,285.6,280.0,387,197,â–„â–„â–â–„â–ˆâ–„â–ˆâ–â–â–ˆ<br />197 to 387,0.5,0.12,3.64,0.1,4.95,â–ˆâ–â–â–â–â–â–â–â–â–‚<br />0 to 4,2017-12-20,2014-05-01,2021-09-27,2021-02-18,2021-09-27,2017-03-19
34,0xproject,"0xProject/0x-monorepo,0xProject/OpenZKP,0xProject/0x-launch-kit,0xProject/0x-mesh,0xProject/0x-api",0x protocol monorepo - includes our smart contracts and many developer tools,20,179.25,102.0,1367,28,3585,"â–ˆâ–‚â–„â–ˆâ–…â–‚â–„â–â–â–‚<br />28 to 1,367",101.4,57.5,477,10,2028,19.2,15.5,84,6,384,162.75,172.0,243,49,â–ƒâ–â–â–â–ƒâ–‚â–†â–‚â–†â–ˆ<br />49 to 243,1.11,0.64,6.01,0.13,22.29,â–ˆâ–‡â–‡â–‚â–…â–â–„â–â–â–‚<br />0 to 6,2020-10-20,2017-02-02,2021-09-30,2020-11-10,2021-09-30,2018-01-11
35,vergecurrency,"vergecurrency/verge,vergecurrency/vergecurrency.com,vergecurrency/nodejs-verge,vergecurrency/Verge-Blackpaper,vergecurrency/vIOS",Official Verge Core Source Code Repository :muscle:,9,191.89,47.0,1346,27,1727,"â–ˆâ–†â–â–ƒâ–â–â–â–â–â–ƒ<br />27 to 1,346",78.44,24.0,397,8,706,46.56,14.0,282,5,419,265.0,293.0,296,166,â–‚â–â–â–â–â–ƒâ–â–â–â–ˆ<br />166 to 296,0.68,0.2,4.53,0.09,6.11,â–ˆâ–‚â–â–â–â–â–â–â–â–‚<br />0 to 5,2018-07-25,2016-01-23,2021-09-30,2019-05-04,2021-10-01,2018-01-07
36,tharsis,"tharsis/ethermint,tharsis/evmos","Ethermint is a scalable and interoperable Ethereum library, built on Proof-of-Stake with fast-finality using the Cosmos SDK.",2,814.0,814.0,1307,321,1628,"â–ˆâ–â–â–â–â–â–â–â–â–ˆ<br />321 to 1,307",89.0,89.0,139,39,178,333.0,333.0,469,197,666,11.5,11.5,23,0,â–ˆâ–â–â–â–â–â–â–â–â–ˆ<br />0 to 23,401.89,401.89,749.0,54.78,803.78,â–ˆâ–â–â–â–â–â–â–â–â–ˆ<br />55 to 749,2021-09-28,2021-04-17,2021-10-01,2021-10-01,2021-09-30,2021-09-30
37,graphprotocol,"graphprotocol/graph-node,graphprotocol/graph-cli,graphprotocol/contracts,graphprotocol/graph-ts,graphprotocol/indexer",Graph Node indexes data from blockchains such as Ethereum and serves it over GraphQL,12,180.67,77.0,1293,25,2168,"â–ˆâ–â–„â–†â–„â–â–â–â–â–ƒ<br />25 to 1,293",58.0,38.0,319,7,696,24.08,18.0,69,5,289,136.92,140.5,184,64,â–ƒâ–â–â–ƒâ–ƒâ–â–ƒâ–ˆâ–ƒâ–†<br />64 to 184,1.18,0.65,7.18,0.19,14.2,â–ˆâ–†â–†â–â–ƒâ–â–â–â–â–ƒ<br />0 to 7,2020-07-07,2018-03-20,2021-09-30,2021-09-02,2021-09-30,2019-06-26
38,iotexproject,"iotexproject/iotex-core,iotexproject/iotex-explorer,iotexproject/halogrants,iotexproject/iotex-bootstrap,iotexproject/iotex-did",Official implementation of IoTeX blockchain protocol in Go.,7,234.29,60.0,1289,28,1640,"â–†â–ˆâ–â–ƒâ–â–â–â–â–â–ƒ<br />28 to 1,289",60.14,22.0,260,7,421,27.71,15.0,98,10,194,116.0,135.0,180,18,â–„â–â–â–â–â–â–„â–„â–ˆâ–ˆ<br />18 to 180,1.66,0.79,7.16,0.2,11.59,â–ˆâ–â–†â–â–ƒâ–â–â–â–â–ƒ<br />0 to 7,2021-05-28,2018-04-19,2021-10-01,2021-08-02,2021-09-30,2021-07-28
39,sigp,"sigp/lighthouse,sigp/solidity-security-blog,sigp/lighthouse-metrics,sigp/beacon-fuzz,sigp/discv5",Rust Ethereum 2.0 Client,5,364.8,72.0,1272,32,1824,"â–„â–â–ˆâ–â–â–â–„â–â–â–„<br />32 to 1,272",82.8,26.0,280,14,414,26.2,12.0,59,6,131,122.4,101.0,174,74,â–„â–â–„â–„â–â–â–â–â–â–ˆ<br />74 to 174,2.32,0.76,7.53,0.43,11.58,â–ˆâ–„â–â–â–„â–â–â–â–â–„<br />0 to 8,2020-04-27,2018-05-30,2021-10-01,2021-09-10,2021-09-16,2021-01-14
40,harmony-one,"harmony-one/harmony,harmony-one/sdk,harmony-one/chrome-extension-wallet,harmony-one/bounties,harmony-one/harmony-ops",The core protocol of harmony,8,189.0,36.5,1258,29,1512,"â–ˆâ–‚â–â–â–â–â–â–â–â–‚<br />29 to 1,258",40.12,21.0,191,8,321,25.88,17.5,94,8,207,114.0,119.0,175,33,â–ƒâ–â–â–â–ƒâ–â–â–ˆâ–ƒâ–†<br />33 to 175,1.29,0.37,7.17,0.2,10.29,â–ˆâ–„â–â–ƒâ–â–â–â–â–â–ƒ<br />0 to 7,2021-02-12,2018-05-22,2021-09-30,2021-07-18,2021-09-30,2018-12-30
41,ethereumjs,"ethereumjs/ethereumjs-monorepo,ethereumjs/ethereumjs-wallet,ethereumjs/ethereumjs-tx,ethereumjs/ethereumjs-util,ethereumjs/keythereum",Monorepo for the Ethereum VM TypeScript Implementation,24,244.42,106.0,1175,25,5866,"â–†â–ˆâ–ˆâ–ƒâ–ƒâ–ƒâ–â–ƒâ–†â–<br />25 to 1,175",89.46,46.0,376,14,2147,33.25,28.5,73,11,798,312.5,319.0,395,181,â–‚â–â–â–‚â–‚â–ƒâ–„â–ˆâ–ƒâ–ƒ<br />181 to 395,0.77,0.31,3.62,0.08,18.52,â–ˆâ–„â–‚â–‚â–‚â–â–‚â–‚â–‚â–‚<br />0 to 4,2018-04-09,2014-03-05,2021-10-01,2020-04-22,2021-09-30,2017-06-15
42,qtumproject,"qtumproject/qtum,qtumproject/qtum-electrum,qtumproject/x86lib,qtumproject/solar,qtumproject/qtumjs",Qtum Core Wallet,9,159.89,47.0,1120,25,1439,"â–ˆâ–†â–ƒâ–â–â–â–â–â–â–ƒ<br />25 to 1,120",72.33,36.0,352,14,651,34.22,13.0,194,9,308,219.22,212.0,245,198,â–ˆâ–â–ƒâ–ƒâ–â–ƒâ–â–â–ƒâ–†<br />198 to 245,0.69,0.22,4.69,0.11,6.18,â–ˆâ–‚â–â–â–â–â–â–â–â–‚<br />0 to 5,2017-12-13,2017-01-18,2021-09-28,2018-10-04,2021-09-28,2018-10-04
43,minaprotocol,"MinaProtocol/mina,MinaProtocol/gpu-groth16-prover-3x,MinaProtocol/snark-challenge","Mina is a new cryptocurrency with a constant size blockchain, improving scaling while maintaining decentralization and security.",3,393.33,41.0,1113,26,1180,"â–ˆâ–ˆâ–â–â–â–â–â–â–â–ˆ<br />26 to 1,113",91.0,20.0,235,18,273,34.67,24.0,77,3,104,148.0,130.0,197,117,â–ˆâ–â–ˆâ–â–â–â–â–â–â–ˆ<br />117 to 197,2.06,0.35,5.63,0.2,6.18,â–ˆâ–â–â–â–â–â–â–â–â–„<br />0 to 6,2019-07-03,2017-12-18,2021-09-30,2021-04-10,2021-09-29,2019-07-09
44,wavesplatform,"wavesplatform/Waves,wavesplatform/WavesGUI,wavesplatform/WavesExplorerLite,wavesplatform/gowaves,wavesplatform/WavesWallet-android",â›“ï¸ Reference Waves Blockchain Node (client) implementation on Scala,14,143.86,37.5,1111,25,2014,"â–ˆâ–ƒâ–„â–â–â–â–â–‚â–â–‚<br />25 to 1,111",73.0,32.5,394,7,1022,36.0,17.0,195,10,504,207.79,192.0,286,139,â–ƒâ–ƒâ–†â–„â–ƒâ–ƒâ–ƒâ–â–â–ˆ<br />139 to 286,0.56,0.23,3.9,0.12,7.88,â–ˆâ–‚â–â–â–â–‚â–â–â–â–‚<br />0 to 4,2019-01-30,2016-04-07,2021-09-30,2021-04-30,2021-09-30,2016-06-27
45,sushiswap,"sushiswap/sushiswap,sushiswap/sushiswap-legacy-frontend,sushiswap/sushiswap-interface,sushiswap/shoyu,sushiswap/bentobox",Sushiswap smart contracts ğŸ£ ğŸ“,13,159.92,87.0,1096,34,2079,"â–ˆâ–„â–„â–†â–ƒâ–â–â–â–â–ƒ<br />34 to 1,096",154.23,48.0,893,12,2005,18.85,15.0,88,3,245,43.0,50.0,57,19,â–‚â–â–ƒâ–â–ƒâ–â–â–â–ƒâ–ˆ<br />19 to 57,3.59,2.15,19.04,0.61,46.67,â–ˆâ–„â–„â–ƒâ–ƒâ–„â–â–â–â–ƒ<br />1 to 19,2021-05-20,2020-08-24,2021-09-30,2021-09-15,2021-09-30,2020-09-09
46,pancakeswap,"pancakeswap/pancake-frontend,pancakeswap/pancake-farm,pancakeswap/pancake-swap-interface-v1,pancakeswap/pancake-swap-core,pancakeswap/pancake-info-api",":pancakes: Pancake main features (farms, pools, IFO, lottery, profiles)",16,166.19,70.0,1048,36,2659,"â–ˆâ–…â–‚â–‚â–…â–‚â–‚â–â–â–‚<br />36 to 1,048",372.12,241.0,1666,99,5954,13.12,8.5,58,2,210,44.94,52.0,54,23,â–‚â–â–â–ƒâ–â–â–â–â–‚â–ˆ<br />23 to 54,3.54,1.72,19.2,0.77,56.62,â–ˆâ–„â–â–ƒâ–„â–‚â–â–â–â–‚<br />1 to 19,2021-04-22,2020-09-14,2021-10-01,2021-06-15,2021-10-01,2020-09-23
47,zilliqa,"Zilliqa/Zilliqa,Zilliqa/scilla,Zilliqa/Zilliqa-JavaScript-Library,Zilliqa/kaya,Zilliqa/gozilliqa-sdk",Zilliqa is the world's first high-throughput public blockchain platform - designed to scale to thousands â€‹of transactions per second.,7,211.43,39.0,1045,25,1480,"â–ˆâ–ƒâ–â–ƒâ–â–ƒâ–â–â–â–ƒ<br />25 to 1,045",65.14,40.0,245,7,456,33.14,22.0,121,10,232,150.57,167.0,196,88,â–ƒâ–â–ƒâ–ƒâ–â–â–â–ƒâ–â–ˆ<br />88 to 196,1.14,0.28,5.32,0.23,7.99,â–ˆâ–ƒâ–â–ƒâ–â–â–â–â–â–ƒ<br />0 to 5,2020-01-21,2017-12-27,2021-10-01,2021-06-29,2021-10-01,2020-05-23
48,holochain,"holochain/holochain-rust,holochain/holochain-proto,holochain/holochain,holochain/clutter,holochain/cryptographic-autonomy-license",DEPRECATED. The Holochain framework implemented in rust with a redux style internal state-model.,18,158.89,36.0,1039,25,2860,"â–ˆâ–…â–â–‚â–â–â–â–‚â–â–ƒ<br />25 to 1,039",35.0,10.0,277,4,630,39.28,27.0,160,12,707,153.11,162.5,249,46,â–ƒâ–ƒâ–â–„â–â–„â–„â–ˆâ–„â–ˆ<br />46 to 249,1.02,0.33,5.89,0.13,18.39,â–ˆâ–„â–â–â–â–â–â–‚â–â–‚<br />0 to 6,2020-11-11,2016-12-23,2021-10-01,2019-05-01,2021-10-01,2017-12-08
49,bitcoin-abc,Bitcoin-ABC/bitcoin-abc,This a mirror of the official Bitcoin-ABC repository.  Please see README.md,1,1020.0,1020.0,1020,1020,1020,"â–â–â–â–â–â–ˆâ–â–â–â–<br />1,020 to 1,020",644.0,644.0,644,644,644,142.0,142.0,142,142,142,230.0,230.0,230,230,â–â–â–â–â–â–ˆâ–â–â–â–<br />230 to 230,4.42,4.42,4.42,4.42,4.42,â–â–â–â–â–â–ˆâ–â–â–â–<br />4 to 4,2017-05-01,2017-05-01,2021-09-30,2021-09-30,2021-09-30,2021-09-30
50,bittorrent,"bittorrent/libutp,bittorrent/bootstrap-dht,bittorrent/bittorrent.org,bittorrent/sqltorrent,bittorrent/btc",uTorrent Transport Protocol library,11,209.64,145.0,952,29,2306,â–ˆâ–â–ƒâ–ƒâ–†â–†â–â–ƒâ–â–ƒ<br />29 to 952,45.64,19.0,233,8,502,46.27,28.0,129,8,509,446.64,468.0,623,272,â–ˆâ–â–ƒâ–â–â–ƒâ–ƒâ–â–ˆâ–†<br />272 to 623,0.45,0.31,1.61,0.05,4.94,â–ˆâ–ƒâ–ƒâ–ƒâ–„â–â–ƒâ–â–â–ƒ<br />0 to 2,2016-07-12,2009-10-22,2021-09-26,2021-03-14,2020-05-01,2009-10-22
51,compound-finance,"compound-finance/compound-protocol,compound-finance/open-oracle,compound-finance/compound-js,compound-finance/gateway,compound-finance/compound-money-market",The Compound On-Chain Protocol,8,193.5,91.0,932,31,1548,â–ƒâ–†â–â–ˆâ–â–ƒâ–â–â–â–ƒ<br />31 to 932,112.25,38.0,646,10,898,19.75,15.5,65,2,158,84.88,86.5,157,2,â–ƒâ–â–â–â–â–â–â–†â–â–ˆ<br />2 to 157,3.75,1.66,14.47,0.46,30.02,â–†â–ƒâ–ˆâ–â–â–â–â–ƒâ–â–ƒ<br />0 to 14,2021-09-16,2018-09-26,2021-10-01,2021-09-15,2021-09-30,2018-09-26
52,gnosis,"gnosis/MultiSigWallet,gnosis/safe-contracts,gnosis/safe-react,gnosis/pm-contracts,gnosis/ethcontract-rs",Allows multiple parties to agree on transactions before execution. ,37,91.14,46.0,910,25,3372,â–…â–ˆâ–„â–„â–‚â–‚â–â–â–‚â–‚<br />25 to 910,50.03,21.0,630,3,1851,10.24,8.0,51,3,379,144.11,153.0,228,9,â–â–â–â–â–‚â–â–‚â–ƒâ–†â–ˆ<br />9 to 228,0.84,0.34,8.72,0.15,31.02,â–ˆâ–„â–ƒâ–â–â–â–â–â–â–<br />0 to 9,2021-07-28,2017-05-19,2021-09-30,2020-03-21,2021-09-30,2018-05-23
53,aave,"aave/aave-protocol,aave/flashloan-box,aave/protocol-v2,aave/aave-js,aave/code-examples-protocol",Aave Protocol Version 1.0 - Decentralized Lending Pools,7,240.71,67.0,904,25,1685,â–„â–„â–ˆâ–â–â–â–ˆâ–â–â–„<br />25 to 904,138.71,66.0,379,20,971,23.14,10.0,95,4,162,74.14,75.0,137,42,â–ˆâ–â–â–â–ƒâ–ƒâ–â–ƒâ–â–ƒ<br />42 to 137,3.2,1.32,8.9,0.49,22.39,â–ˆâ–â–ƒâ–â–â–â–ƒâ–â–ƒâ–ƒ<br />0 to 9,2020-12-10,2019-02-14,2021-09-30,2021-09-21,2021-09-30,2020-07-02
54,enzymefinance,"enzymefinance/oyente,enzymefinance/protocol,enzymefinance/melon", An Analysis Tool for Smart Contracts ,3,400.33,263.0,900,38,1201,â–ˆâ–â–â–â–â–â–ˆâ–â–â–ˆ<br />38 to 900,105.0,91.0,210,14,315,39.0,49.0,55,13,117,251.0,256.0,260,237,â–ˆâ–â–â–â–â–â–â–â–ˆâ–ˆ<br />237 to 260,1.66,1.03,3.8,0.15,4.97,â–ˆâ–â–â–ˆâ–â–â–â–â–â–ˆ<br />0 to 4,2017-03-17,2016-10-03,2021-09-28,2021-07-14,2021-09-15,2019-01-28
55,ravenproject,RavenProject/Ravencoin,Ravencoin Core integration/staging tree,1,894.0,894.0,894,894,894,â–â–â–â–â–â–ˆâ–â–â–â–<br />894 to 894,565.0,565.0,565,565,565,203.0,203.0,203,203,203,220.0,220.0,220,220,â–â–â–â–â–â–ˆâ–â–â–â–<br />220 to 220,4.05,4.05,4.05,4.05,4.05,â–â–â–â–â–â–ˆâ–â–â–â–<br />4 to 4,2017-07-09,2017-07-09,2021-10-01,2021-10-01,2021-05-21,2021-05-21
56,nervosnetwork,"nervosnetwork/ckb,nervosnetwork/ckb-vm,nervosnetwork/rfcs,nervosnetwork/muta,nervosnetwork/minits","The Nervos CKB is a public permissionless blockchain, and the layer 1 of Nervos network.",20,111.6,39.0,887,25,2232,â–ˆâ–ƒâ–ƒâ–‚â–ƒâ–‚â–‚â–â–â–‚<br />25 to 887,31.5,16.0,163,6,630,17.1,12.0,66,4,342,124.7,130.0,187,49,â–‚â–‚â–â–ƒâ–â–‚â–‡â–ƒâ–ˆâ–ƒ<br />49 to 187,0.84,0.49,5.93,0.18,16.75,â–ˆâ–†â–ƒâ–‚â–ƒâ–â–â–â–â–‚<br />0 to 6,2020-10-20,2018-02-26,2021-10-01,2020-09-04,2021-10-01,2019-05-15
57,ewasm,"ewasm/design,ewasm/hera,ewasm/evm2wasm,ewasm/scout,ewasm/ewasm-rust-api",Ewasm Design Overview and Specification,9,161.11,74.0,877,26,1450,â–„â–ˆâ–ˆâ–ˆâ–„â–â–â–â–â–„<br />26 to 877,28.33,15.0,112,7,255,21.33,13.0,88,6,192,220.78,249.0,290,122,â–ƒâ–â–â–†â–â–ƒâ–â–â–†â–ˆ<br />122 to 290,0.65,0.35,3.02,0.1,5.85,â–ˆâ–†â–†â–ƒâ–â–â–â–â–â–ƒ<br />0 to 3,2019-05-25,2016-03-05,2021-09-30,2021-07-22,2021-07-26,2018-04-25
58,projectopensea,"ProjectOpenSea/opensea-js,ProjectOpenSea/opensea-creatures,ProjectOpenSea/opensea-erc1155,ProjectOpenSea/embeddable-nfts,ProjectOpenSea/opensea-whitelabel",JavaScript SDK for the OpenSea marketplace. Let your users buy or sell cryptogoods on your own site!,8,254.88,128.5,780,46,2039,â–ˆâ–„â–â–ˆâ–â–â–„â–â–„â–„<br />46 to 780,146.38,103.5,401,28,1171,16.0,10.0,44,3,128,132.62,132.0,186,87,â–ˆâ–â–„â–â–â–ˆâ–â–â–ˆâ–„<br />87 to 186,1.8,1.45,4.67,0.35,14.4,â–ˆâ–„â–â–â–ˆâ–â–„â–„â–â–„<br />0 to 5,2020-01-28,2018-03-06,2021-10-01,2021-09-26,2021-09-02,2019-03-24
59,stratisproject,"stratisproject/StratisBitcoinFullNode,stratisproject/NStratis,stratisproject/stratisX,stratisproject/Breeze,stratisproject/StratisFullNode",Bitcoin full node in C#,8,152.25,68.5,766,25,1218,â–ˆâ–ˆâ–â–ˆâ–„â–â–â–â–â–„<br />25 to 766,75.38,45.0,318,14,603,34.62,23.5,114,7,277,214.62,229.0,268,58,â–ƒâ–â–â–â–â–â–â–â–†â–ˆ<br />58 to 268,0.67,0.35,2.89,0.12,5.38,â–ˆâ–†â–ƒâ–ƒâ–â–â–â–â–â–ƒ<br />0 to 3,2020-08-18,2016-08-06,2021-09-29,2021-01-12,2021-09-02,2018-03-15
60,ontio,"ontio/ontology,ontio/documentation,ontio/OWallet,ontio/ontology-ts-sdk,ontio/ontology-java-sdk",Official Go implementation of the Ontology protocol. https://dev-docs.ont.io/#/,12,115.08,54.5,760,27,1381,â–ˆâ–„â–†â–ƒâ–ƒâ–â–â–â–â–ƒ<br />27 to 760,59.17,32.0,311,13,710,23.0,12.0,118,8,276,178.83,183.0,183,165,â–ƒâ–â–â–‚â–â–â–â–â–‚â–ˆ<br />165 to 183,0.64,0.3,4.2,0.15,7.68,â–ˆâ–ƒâ–ƒâ–â–â–â–â–â–â–‚<br />0 to 4,2018-08-02,2018-03-26,2021-09-29,2021-07-29,2021-09-28,2018-04-25
61,dapphub,"dapphub/dapptools,dapphub/dappsys,dapphub/dapple,dapphub/dapp,dapphub/ds-proxy","Dapp, Seth, Hevm, and more",17,171.0,123.0,753,26,2907,â–ˆâ–ƒâ–â–ƒâ–ˆâ–†â–ƒâ–ƒâ–ƒâ–ƒ<br />26 to 753,40.24,30.0,157,7,684,16.47,15.0,43,6,280,234.88,249.0,315,97,â–‚â–â–â–â–…â–‚â–â–‡â–ˆâ–…<br />97 to 315,0.79,0.54,4.37,0.1,13.42,â–ˆâ–„â–ˆâ–„â–„â–â–â–â–â–‚<br />0 to 4,2019-11-21,2015-09-14,2021-10-01,2021-09-22,2021-09-23,2017-03-09
62,aelfproject,"AElfProject/AElf,AElfProject/AElfDocs",A scalable cloud computing blockchain platform,2,391.0,391.0,749,33,782,â–ˆâ–â–â–â–â–â–â–â–â–ˆ<br />33 to 749,107.0,107.0,205,9,214,88.5,88.5,159,18,177,198.0,198.0,200,196,â–ˆâ–â–â–â–â–â–â–â–â–ˆ<br />196 to 200,1.95,1.95,3.73,0.17,3.9,â–ˆâ–â–â–â–â–â–â–â–â–ˆ<br />0 to 4,2017-12-26,2017-11-25,2021-09-30,2021-04-02,2021-08-30,2018-04-04
63,dfinity,"dfinity/ic,dfinity/motoko-base,dfinity/awesome-dfinity,dfinity/cancan,dfinity/examples",Internet Computer blockchain source: the client/replica software run by nodes,19,149.74,119.0,738,27,2845,â–ˆâ–„â–„â–â–‡â–„â–â–…â–â–‚<br />27 to 738,30.74,27.0,74,4,584,27.47,28.0,50,7,522,65.37,66.0,177,20,â–ˆâ–ƒâ–ƒâ–â–„â–ˆâ–ˆâ–„â–â–ƒ<br />20 to 177,4.11,1.24,35.63,0.28,78.02,â–ƒâ–ˆâ–ƒâ–â–ƒâ–â–â–‚â–â–‚<br />0 to 36,2021-05-14,2018-05-11,2021-10-01,2021-09-10,2021-10-01,2021-05-18
64,bancorprotocol,"bancorprotocol/contracts-solidity,bancorprotocol/contracts_eos,bancorprotocol/webapp",Bancor Protocol Contracts,3,289.33,111.0,728,29,868,â–ˆâ–â–â–â–ˆâ–â–â–â–â–ˆ<br />29 to 728,135.0,42.0,324,39,405,28.0,19.0,58,7,84,153.0,158.0,241,60,â–ˆâ–â–â–â–â–â–ˆâ–â–â–ˆ<br />60 to 241,1.4,0.7,3.02,0.48,4.2,â–ˆâ–ˆâ–â–â–â–â–â–â–â–ˆ<br />0 to 3,2020-08-05,2017-02-15,2021-09-27,2021-09-21,2021-09-21,2021-05-25
65,vechain,"vechain/thor,vechain/thorify,vechain/thor-sync.electron,vechain/connex,vechain/grant-program",A general purpose blockchain highly compatible with Ethereum's ecosystem,7,135.86,46.0,700,25,951,â–ˆâ–ƒâ–†â–â–â–â–â–â–â–ƒ<br />25 to 700,56.43,33.0,195,27,395,34.0,16.0,156,6,238,137.57,164.0,179,22,â–‚â–â–â–â–â–â–â–‚â–â–ˆ<br />22 to 179,1.0,0.32,4.05,0.15,7.01,â–ˆâ–ƒâ–â–â–â–ƒâ–â–â–â–ƒ<br />0 to 4,2021-04-28,2018-04-25,2021-09-29,2021-09-07,2021-09-18,2020-08-21
66,elrondnetwork,"ElrondNetwork/elrond-go,ElrondNetwork/elrond-sdk,ElrondNetwork/elrond-wasm-rs,ElrondNetwork/arwen-wasm-vm,ElrondNetwork/elrond-ide-vscode","âš¡ Elrond-GO: The official implementation of the Elrond protocol, written in golang.",7,139.86,42.0,680,32,979,â–ˆâ–ƒâ–â–â–ƒâ–â–â–â–â–ƒ<br />32 to 680,42.0,23.0,121,13,294,23.29,14.0,64,11,163,105.86,105.0,163,67,â–„â–â–â–ˆâ–â–ˆâ–„â–â–â–„<br />67 to 163,1.06,0.48,4.17,0.27,7.39,â–ˆâ–†â–â–â–ƒâ–â–â–â–â–ƒ<br />0 to 4,2020-06-17,2018-08-17,2021-09-30,2021-09-23,2021-09-30,2021-05-20
67,algorand,"algorand/go-algorand,algorand/js-algorand-sdk,algorand/py-algorand-sdk,algorand/go-algorand-sdk,algorand/pyteal",Algorand's official implementation in Go. ,15,107.53,61.0,676,32,1613,â–ˆâ–‚â–„â–ƒâ–ƒâ–â–â–â–â–‚<br />32 to 676,50.73,38.0,227,6,761,21.93,13.0,118,7,329,110.2,119.0,163,21,â–‚â–â–â–â–â–‚â–â–ˆâ–‡â–‡<br />21 to 163,1.1,0.63,5.61,0.24,16.57,â–ˆâ–‡â–‡â–â–â–â–â–‚â–â–‚<br />0 to 6,2021-05-04,2018-08-13,2021-09-30,2021-07-11,2021-09-30,2019-01-25
68,ethereum-optimism,"ethereum-optimism/optimism,ethereum-optimism/optimism-tutorial,ethereum-optimism/contracts,ethereum-optimism/smock,ethereum-optimism/optimistic-specs",Monorepo implementing the Optimistic Ethereum protocol,7,170.29,64.0,643,35,1192,â–„â–ˆâ–„â–â–â–ˆâ–â–â–â–„<br />35 to 643,51.71,18.0,192,5,362,12.86,9.0,44,4,90,53.86,54.0,88,5,â–ƒâ–â–â–â–â–â–ƒâ–â–ˆâ–†<br />5 to 88,4.04,2.8,10.31,0.4,28.29,â–ˆâ–ˆâ–ˆâ–â–ˆâ–â–â–ˆâ–ˆâ–ˆ<br />0 to 10,2021-08-26,2020-01-22,2021-09-30,2021-04-12,2021-09-29,2021-04-11
69,project-serum,"project-serum/anchor,project-serum/spl-token-wallet,project-serum/serum-dex,project-serum/serum-dex-ui,project-serum/awesome-serum",âš“ Solana Sealevel Framework,13,184.15,121.0,625,26,2394,â–ˆâ–ˆâ–â–„â–ˆâ–ˆâ–„â–„â–â–ˆ<br />26 to 625,101.92,59.0,314,14,1325,13.23,12.0,35,4,172,46.31,49.0,60,20,â–„â–â–â–‚â–â–â–‚â–‚â–…â–ˆ<br />20 to 60,3.84,2.13,16.03,0.87,49.98,â–ˆâ–â–†â–„â–ƒâ–ƒâ–â–ƒâ–â–ƒ<br />1 to 16,2021-05-13,2020-08-05,2021-10-01,2021-09-22,2021-09-28,2020-11-15
70,originprotocol,"OriginProtocol/origin,OriginProtocol/origin-playground,OriginProtocol/dshop,OriginProtocol/origin-js,OriginProtocol/telegram-moderator",Monorepo for our developer tools and decentralized marketplace application,8,144.12,80.5,614,32,1153,â–†â–â–ƒâ–ˆâ–ƒâ–â–â–â–â–ƒ<br />32 to 614,56.5,44.0,195,7,452,40.38,37.0,69,20,323,145.88,187.0,217,42,â–ƒâ–â–ƒâ–ƒâ–â–â–â–â–ƒâ–ˆ<br />42 to 217,1.03,0.69,2.82,0.16,8.22,â–„â–ˆâ–„â–„â–â–„â–â–„â–â–„<br />0 to 3,2020-12-09,2017-08-01,2021-10-01,2021-01-22,2021-10-01,2018-10-12
71,btcgpu,BTCGPU/BTCGPU,Current work on BTCGPU,1,607.0,607.0,607,607,607,â–â–â–â–â–â–ˆâ–â–â–â–<br />607 to 607,323.0,323.0,323,323,323,143.0,143.0,143,143,143,218.0,218.0,218,218,â–â–â–â–â–â–ˆâ–â–â–â–<br />218 to 218,2.78,2.78,2.78,2.78,2.78,â–â–â–â–â–â–ˆâ–â–â–â–<br />3 to 3,2017-07-23,2017-07-23,2021-09-20,2021-09-20,2021-04-11,2021-04-11
72,decred,"decred/dcrd,decred/atomicswap,decred/decrediton,decred/dcrwallet,decred/gominer",Decred daemon in Go (golang).,20,126.1,73.5,605,26,2522,â–ˆâ–„â–†â–†â–†â–ƒâ–„â–â–â–„<br />26 to 605,81.9,59.5,259,11,1638,26.8,22.0,84,8,536,237.4,247.5,302,109,â–ƒâ–â–â–â–â–â–„â–ƒâ–‚â–ˆ<br />109 to 302,0.53,0.28,2.31,0.12,10.62,â–ˆâ–†â–„â–‚â–‚â–‚â–â–â–â–ƒ<br />0 to 2,2019-08-28,2015-12-16,2021-09-30,2021-03-05,2021-09-30,2020-02-09
73,rocket-pool,"rocket-pool/rocketpool,rocket-pool/smartnode-install,rocket-pool/smartnode","A next generation decentralised Ethereum proof of stake network and pool, currently in beta and built to be compatible with Ethereum 2.0 and the Beacon Chain.",3,223.67,38.0,605,28,671,â–ˆâ–â–â–â–â–â–â–â–â–„<br />28 to 605,50.67,22.0,115,15,152,32.0,12.0,75,9,96,188.0,174.0,228,162,â–ˆâ–â–ˆâ–â–â–â–â–â–â–ˆ<br />162 to 228,1.01,0.22,2.65,0.17,3.04,â–ˆâ–â–â–â–â–â–â–â–â–„<br />0 to 3,2018-08-23,2017-05-19,2021-10-01,2021-09-30,2021-10-01,2021-09-09
74,augurproject,"AugurProject/augur-core,AugurProject/augur-ui,AugurProject/augur,AugurProject/augur-app,AugurProject/augur.js",Augur back-end (Ethereum contracts),10,191.0,111.5,590,25,1910,â–ˆâ–ƒâ–â–â–ƒâ–ƒâ–ƒâ–â–†â–ƒ<br />25 to 590,53.3,30.5,143,8,533,39.9,34.5,100,7,399,259.5,251.0,355,165,â–†â–ƒâ–ƒâ–ƒâ–â–â–ƒâ–â–ƒâ–ˆ<br />165 to 355,0.74,0.36,2.09,0.1,7.42,â–ˆâ–ƒâ–ƒâ–â–â–â–„â–â–ƒâ–ƒ<br />0 to 2,2018-07-31,2014-12-06,2021-09-29,2021-04-01,2021-03-30,2017-10-26
75,offchainlabs,"OffchainLabs/arbitrum,OffchainLabs/arbitrum-tutorials,OffchainLabs/arb-os","Powers fast, private, decentralized applications",3,226.33,60.0,572,47,679,â–ˆâ–â–â–â–â–â–â–â–â–„<br />47 to 572,101.33,16.0,282,6,304,51.0,10.0,137,6,153,67.0,81.0,112,8,â–ˆâ–â–â–â–â–â–â–â–ˆâ–ˆ<br />8 to 112,4.22,5.08,7.0,0.58,12.66,â–ˆâ–â–â–â–â–â–â–â–ˆâ–ˆ<br />1 to 7,2021-08-02,2019-08-05,2021-09-30,2021-09-28,2021-09-30,2021-09-03
76,w3f,"w3f/General-Grants-Program,w3f/Grants-Program,w3f/schnorrkel,w3f/polkadot-validator-setup,w3f/polkadot-wiki",Web3 Foundation General Grants Program,19,112.47,77.0,567,29,2137,â–ˆâ–†â–„â–ˆâ–â–†â–„â–â–â–ƒ<br />29 to 567,112.05,27.0,687,7,2129,23.47,19.0,110,4,446,133.68,132.0,218,47,â–ƒâ–â–â–ƒâ–„â–ˆâ–†â–„â–ˆâ–„<br />47 to 218,0.86,0.53,3.36,0.21,16.29,â–ˆâ–ˆâ–…â–‚â–‚â–„â–â–â–‚â–‚<br />0 to 3,2020-11-05,2017-07-24,2021-09-30,2021-01-06,2021-09-30,2017-07-24
77,omgnetwork,"omgnetwork/plasma-mvp,omgnetwork/ewallet,omgnetwork/elixir-omg,omgnetwork/plasma-cash,omgnetwork/plasma-contracts",OmiseGO's research implementation of Minimal Viable Plasma,9,166.67,101.0,558,31,1500,â–ˆâ–„â–â–„â–ˆâ–â–„â–â–„â–„<br />31 to 558,47.78,34.0,156,4,430,31.0,23.0,96,9,279,185.67,187.0,205,159,â–ƒâ–â–ƒâ–â–â–†â–ƒâ–ˆâ–â–ƒ<br />159 to 205,0.88,0.59,2.89,0.16,7.91,â–ˆâ–ƒâ–†â–â–ƒâ–â–ƒâ–â–â–ƒ<br />0 to 3,2018-09-13,2017-10-23,2021-09-18,2020-07-04,2021-03-30,2018-02-26
78,makerdao,"makerdao/awesome-makerdao,makerdao/developerguides,makerdao/market-maker-keeper,makerdao/dss,makerdao/multicall","A collection of tools, documents, articles, blog posts, interviews, and videos related to MakerDAO and the Dai stablecoin. ",29,122.38,56.0,524,25,3549,â–‡â–ˆâ–‡â–‚â–‚â–‚â–‚â–â–‚â–‚<br />25 to 524,56.86,37.0,229,6,1649,24.66,23.0,52,9,715,169.34,174.0,269,29,â–‚â–â–â–â–‚â–‚â–â–‡â–ˆâ–„<br />29 to 269,0.78,0.38,3.43,0.1,22.58,â–ˆâ–„â–ƒâ–ƒâ–â–â–â–‚â–â–<br />0 to 3,2021-03-11,2016-08-04,2021-09-30,2021-05-07,2021-09-30,2017-05-07
79,bitcoin-sv,bitcoin-sv/bitcoin-sv,Bitcoin SV (Satoshi Vision) is the original Bitcoin. This Github repository provides open-source software to enable use of Bitcoin SV.,1,495.0,495.0,495,495,495,â–â–â–â–â–â–ˆâ–â–â–â–<br />495 to 495,243.0,243.0,243,243,243,107.0,107.0,107,107,107,161.0,161.0,161,161,â–â–â–â–â–â–ˆâ–â–â–â–<br />161 to 161,3.07,3.07,3.07,3.07,3.07,â–â–â–â–â–â–ˆâ–â–â–â–<br />3 to 3,2018-08-29,2018-08-29,2021-09-30,2021-09-30,2021-05-24,2021-05-24
80,curvefi,"curvefi/curve-contract,curvefi/curve-dao-contracts,curvefi/curve-pool-registry,curvefi/curve-crypto-contract,curvefi/curve-contract-polygon",Vyper contracts used in Curve.fi exchange pools.,7,118.71,36.0,479,26,831,â–ˆâ–ƒâ–â–ƒâ–â–â–ƒâ–â–â–ƒ<br />26 to 479,49.14,15.0,190,9,344,15.86,10.0,45,6,111,50.43,37.0,89,22,â–ˆâ–â–â–ˆâ–â–â–â–â–ˆâ–„<br />22 to 89,1.83,1.18,5.36,0.75,12.83,â–ˆâ–ˆâ–„â–â–„â–â–â–â–â–„<br />1 to 5,2021-04-30,2020-01-15,2021-09-30,2021-09-16,2021-09-30,2021-04-08
81,orchidtechnologies,OrchidTechnologies/orchid,"Orchid: VPN, Personal Firewall",1,456.0,456.0,456,456,456,â–â–â–â–â–â–ˆâ–â–â–â–<br />456 to 456,71.0,71.0,71,71,71,53.0,53.0,53,53,53,110.0,110.0,110,110,â–â–â–â–â–â–ˆâ–â–â–â–<br />110 to 110,4.13,4.13,4.13,4.13,4.13,â–â–â–â–â–â–ˆâ–â–â–â–<br />4 to 4,2019-08-20,2019-08-20,2021-09-30,2021-09-30,2021-09-24,2021-09-24
82,conflux-chain,"Conflux-Chain/conflux-rust,Conflux-Chain/conflux-portal,Conflux-Chain/js-conflux-sdk,Conflux-Chain/open-cfxmine",The Rust implementation of Conflux protocol.,4,147.75,57.0,450,27,591,â–„â–â–ˆâ–â–â–â–â–â–â–„<br />27 to 450,45.25,25.5,116,14,181,17.5,12.0,40,6,70,89.75,89.5,131,49,â–ˆâ–â–â–â–â–ˆâ–ˆâ–â–â–ˆ<br />49 to 131,1.31,0.63,3.42,0.55,5.23,â–ˆâ–â–â–â–â–â–â–â–â–ƒ<br />1 to 3,2020-10-23,2019-03-24,2021-09-29,2021-09-27,2021-09-14,2020-12-09
83,arweaveteam,"ArweaveTeam/arweave,ArweaveTeam/arweave-js,ArweaveTeam/SmartWeave,ArweaveTeam/arweave-deploy,ArweaveTeam/Bounties",The Arweave server and App Developer Toolkit.,6,145.5,82.0,419,32,873,â–„â–â–„â–ˆâ–â–â–„â–â–â–„<br />32 to 419,44.33,37.5,92,13,266,20.17,17.5,49,6,121,140.67,138.0,217,75,â–„â–â–â–â–„â–„â–ˆâ–â–â–„<br />75 to 217,0.94,0.84,1.93,0.25,5.66,â–„â–â–ˆâ–â–â–â–„â–„â–â–„<br />0 to 2,2020-04-23,2017-08-02,2021-09-30,2021-09-25,2021-09-21,2020-01-06
84,nethermindeth,"NethermindEth/nethermind,NethermindEth/warp","Our flagship .NET Core Ethereum client for Linux, Windows, MacOs - full and actively developed.",2,223.0,223.0,405,41,446,â–ˆâ–â–â–â–â–â–â–â–â–ˆ<br />41 to 405,62.5,62.5,120,5,125,16.5,16.5,28,5,33,112.0,112.0,214,10,â–ˆâ–â–â–â–â–â–â–â–â–ˆ<br />10 to 214,2.83,2.83,3.78,1.89,5.67,â–ˆâ–â–â–â–â–â–â–â–â–ˆ<br />2 to 4,2021-07-17,2017-08-23,2021-09-30,2021-09-29,2021-09-30,2021-09-29
85,deroproject,"deroproject/graviton,deroproject/derosuite,deroproject/dero,deroproject/derohe",Graviton Database: ZFS for key-value stores.,4,181.0,141.0,404,38,724,â–ˆâ–â–â–â–â–â–â–„â–â–„<br />38 to 404,31.0,15.0,86,8,124,24.0,17.0,49,13,96,122.0,124.5,199,40,â–„â–â–„â–â–â–â–â–â–â–ˆ<br />40 to 199,2.4,1.09,7.21,0.2,9.6,â–ˆâ–â–ˆâ–ˆâ–â–â–â–â–â–ˆ<br />0 to 7,2020-12-19,2017-12-06,2021-09-30,2021-08-12,2021-08-08,2018-04-12
86,iexecblockchaincomputing,"iExecBlockchainComputing/iexec-sdk,iExecBlockchainComputing/iexec-dapps-registry,iExecBlockchainComputing/rlc-token,iExecBlockchainComputing/xtremweb-hep,iExecBlockchainComputing/iexec-worker",CLI and JS library allowing developers to easily interact with the iExec stack,6,95.17,34.5,399,27,571,â–ˆâ–ƒâ–ƒâ–â–â–â–â–â–â–ƒ<br />27 to 399,18.17,8.5,62,2,109,17.5,12.0,39,9,105,205.17,215.0,248,157,â–ˆâ–â–â–â–â–â–„â–„â–â–ˆ<br />157 to 248,0.45,0.17,1.82,0.13,2.68,â–ˆâ–â–â–â–â–â–â–â–â–‚<br />0 to 2,2018-09-24,2016-12-26,2021-09-30,2021-02-18,2021-09-30,2018-02-16
87,livepeer,"livepeer/go-livepeer,livepeer/lpms,livepeer/wiki,livepeer/livepeerjs,livepeer/protocol",Official Go implementation of the Livepeer protocol,8,143.0,122.5,378,28,1144,â–„â–„â–â–„â–â–„â–ˆâ–„â–â–„<br />28 to 378,41.75,41.5,105,7,334,16.38,10.5,34,6,131,203.25,227.0,244,65,â–‚â–â–â–â–â–â–â–‚â–‚â–ˆ<br />65 to 244,0.73,0.69,1.69,0.15,5.82,â–ˆâ–â–„â–â–ˆâ–„â–„â–â–â–„<br />0 to 2,2020-06-30,2017-01-27,2021-09-30,2020-12-28,2021-09-30,2017-08-17
88,celo-org,"celo-org/celo-monorepo,celo-org/celo-blockchain,celo-org/optics-monorepo,celo-org/celo-bls-snark-rs,celo-org/celo-proposals",Official repository for core projects comprising the Celo platform,6,144.67,67.5,367,29,868,â–„â–„â–â–ˆâ–â–â–â–â–â–ˆ<br />29 to 367,66.0,21.5,239,6,396,41.0,45.0,66,10,246,108.67,114.0,184,37,â–„â–â–â–â–„â–â–„â–ˆâ–â–„<br />37 to 184,1.32,1.08,3.19,0.33,7.93,â–ˆâ–„â–â–â–â–„â–„â–â–â–„<br />0 to 3,2021-01-15,2018-03-23,2021-10-01,2021-09-29,2021-10-01,2020-07-09
89,nknorg,"nknorg/nkn,nknorg/nnet,nknorg/nkn-client-js,nknorg/nkn-sdk-js",Official Go implementation of NKN full node.,4,130.0,65.5,362,27,520,â–ˆâ–â–ˆâ–â–ˆâ–â–â–â–â–ˆ<br />27 to 362,44.75,22.0,128,7,179,21.5,14.5,49,8,86,151.25,164.5,192,84,â–ˆâ–â–â–â–â–â–â–ˆâ–ˆâ–ˆ<br />84 to 192,0.75,0.41,1.89,0.3,3.01,â–ˆâ–„â–â–â–â–â–â–â–â–„<br />0 to 2,2020-02-16,2018-01-26,2021-09-29,2020-09-17,2021-09-14,2020-03-30
90,nemproject,"NemProject/nem.core,NemProject/NanoWallet,NemProject/NEMiOSApp,NemProject/NemCommunityClient,NemProject/NEMAndroidApp",org.nem.core package,5,158.4,63.0,337,45,792,â–„â–ˆâ–â–â–â–â–â–â–â–ˆ<br />45 to 337,49.0,37.0,130,1,245,42.4,42.0,93,1,212,323.6,327.0,372,256,â–„â–â–â–â–â–â–ˆâ–„â–â–„<br />256 to 372,0.52,0.19,1.11,0.14,2.61,â–ˆâ–â–â–â–â–â–â–â–â–†<br />0 to 1,2016-10-29,2014-08-12,2021-09-16,2021-02-23,2021-09-15,2018-01-10
91,decentraland,"decentraland/marketplace,decentraland/dappeteer,decentraland/marketplace-legacy,decentraland/bronzeage-node,decentraland/districts",ğŸ›ï¸ Decentraland's NFT Marketplace,23,81.87,72.0,332,29,1883,â–ˆâ–‚â–ˆâ–…â–…â–‡â–â–‚â–â–‚<br />29 to 332,32.09,27.0,193,5,738,27.91,28.0,47,9,642,190.39,196.0,332,94,â–„â–â–â–‚â–…â–†â–ˆâ–ƒâ–â–‚<br />94 to 332,0.52,0.39,3.51,0.09,11.91,â–†â–ˆâ–…â–‚â–‚â–â–â–â–â–‚<br />0 to 4,2019-12-09,2015-05-22,2021-09-30,2018-10-17,2021-09-30,2017-09-18
92,requestnetwork,"RequestNetwork/requestNetwork,RequestNetwork/Request_SmartContracts,RequestNetwork/Request_App,RequestNetwork/RequestTokenSale,RequestNetwork/RequestVesting",A JavaScript library for interacting with the Request Network protocol,5,128.6,76.0,319,61,643,â–ˆâ–„â–â–â–„â–â–â–â–â–„<br />61 to 319,17.4,8.0,47,6,87,24.8,17.0,44,14,124,208.0,208.0,219,200,â–ˆâ–ˆâ–â–â–ˆâ–ˆâ–â–â–â–ˆ<br />200 to 219,0.62,0.38,1.57,0.29,3.11,â–ˆâ–â–ƒâ–â–â–â–â–â–â–ƒ<br />0 to 2,2017-11-27,2017-07-17,2021-09-30,2021-03-22,2021-09-30,2018-02-05
93,erasureprotocol,"erasureprotocol/NMR,erasureprotocol/erasure-protocol",The Numeraire Ethereum Smart Contract,2,231.5,231.5,319,144,463,â–ˆâ–â–â–â–â–â–â–â–â–ˆ<br />144 to 319,41.0,41.0,59,23,82,33.0,33.0,47,19,66,183.5,183.5,240,127,â–ˆâ–â–â–â–â–â–â–â–â–ˆ<br />127 to 240,1.23,1.23,1.33,1.13,2.46,â–ˆâ–â–â–â–â–â–â–â–â–ˆ<br />1 to 1,2019-04-25,2017-02-21,2021-09-26,2021-07-26,2020-05-13,2020-03-26
94,dydxprotocol,"dydxprotocol/liquidator,dydxprotocol/solo,dydxprotocol/protocol_v1,dydxprotocol/perpetual,dydxprotocol/dydx-python",:robot::moneybag: Bot to automatically liquidate dYdX accounts,8,122.38,76.5,313,35,979,â–„â–„â–ˆâ–â–„â–â–„â–â–„â–„<br />35 to 313,43.25,30.5,102,16,346,18.75,17.0,30,12,150,115.62,118.5,219,38,â–„â–„â–â–â–„â–â–ˆâ–ˆâ–â–„<br />38 to 219,1.07,0.85,2.51,0.38,8.57,â–„â–„â–ˆâ–„â–â–„â–„â–â–â–„<br />0 to 3,2021-01-06,2017-07-20,2021-09-30,2021-09-28,2021-09-30,2019-11-08
95,numerai,"numerai/example-scripts,numerai/numerox,numerai/submission-criteria,numerai/numerai-cli,numerai/numerapi",The official example scripts for the Numerai Data Science Tournament,5,133.0,98.0,313,63,665,â–ˆâ–â–„â–â–„â–â–â–â–â–„<br />63 to 313,47.4,27.0,144,7,237,25.4,26.0,46,5,127,187.6,206.0,247,123,â–„â–â–„â–â–â–â–â–ˆâ–â–„<br />123 to 247,0.66,0.52,1.27,0.42,3.28,â–ˆâ–„â–„â–â–â–â–â–â–â–„<br />0 to 1,2019-05-22,2017-01-06,2021-09-30,2021-09-12,2021-09-30,2020-01-18
96,arkecosystem,"ArkEcosystem/core,ArkEcosystem/desktop-wallet,ArkEcosystem/mobile-wallet,ArkEcosystem/deployer,ArkEcosystem/AIPs",The ARK Core Blockchain Framework. Check https://learn.ark.dev for more information.,5,149.4,81.0,303,27,747,â–„â–â–„â–â–„â–â–â–â–â–ˆ<br />27 to 303,139.0,99.0,306,31,695,26.2,18.0,47,14,131,217.6,201.0,254,193,â–ˆâ–„â–â–â–â–â–â–â–„â–„<br />193 to 254,0.68,0.41,1.51,0.11,3.41,â–ˆâ–ˆâ–ˆâ–â–â–â–â–â–ˆâ–ˆ<br />0 to 2,2018-01-18,2016-11-13,2021-09-25,2021-07-15,2021-09-24,2021-07-07
97,helium,"helium/miner,helium/HIP,helium/airship,helium/plumtree,helium/helium-wallet-rs",Miner for the helium blockchain,20,93.95,57.5,302,26,1879,â–…â–ˆâ–‚â–…â–„â–„â–â–‚â–â–…<br />26 to 302,48.5,35.5,195,3,970,34.25,25.0,95,10,685,153.0,138.0,349,49,â–†â–â–†â–„â–„â–„â–ˆâ–ƒâ–â–†<br />49 to 349,0.73,0.51,2.41,0.17,14.52,â–ˆâ–ƒâ–„â–†â–â–‚â–‚â–‚â–‚â–‚<br />0 to 2,2020-10-22,2015-01-23,2021-10-01,2020-11-20,2021-09-30,2017-04-24
98,maticnetwork,"maticnetwork/contracts,maticnetwork/dagger.js,maticnetwork/matic.js,maticnetwork/bor,maticnetwork/pos-portal",Smart contracts comprising the business logic of the Matic Network,11,110.09,81.0,297,25,1211,â–ˆâ–„â–ˆâ–â–„â–„â–â–„â–ˆâ–„<br />25 to 297,61.64,42.0,141,6,678,25.0,26.0,43,6,275,143.0,152.0,216,69,â–†â–â–â–ƒâ–ƒâ–â–†â–ˆâ–â–†<br />69 to 216,0.77,0.47,1.6,0.15,8.42,â–ƒâ–ˆâ–ƒâ–ƒâ–â–â–ƒâ–ƒâ–ƒâ–†<br />0 to 2,2020-05-31,2017-08-05,2021-10-01,2021-05-30,2021-09-27,2019-05-08
99,polymathnetwork,"PolymathNetwork/polymath-core,PolymathNetwork/Polymesh,PolymathNetwork/polymath-token,PolymathNetwork/polymath-core-deprecated,PolymathNetwork/polymath.js-deprecated",Core Ethereum Smart Contracts for Polymath - The Securities Token Platform,5,119.4,93.0,296,27,597,â–„â–â–â–„â–â–ˆâ–â–â–â–„<br />27 to 296,43.8,29.0,124,7,219,50.0,48.0,73,33,250,181.8,196.0,200,130,â–ƒâ–â–â–â–â–â–â–â–ƒâ–ˆ<br />130 to 200,0.68,0.47,1.59,0.13,3.4,â–ˆâ–â–ˆâ–ˆâ–â–ˆâ–â–â–â–ˆ<br />0 to 2,2019-04-01,2017-11-29,2021-09-30,2020-01-13,2021-09-30,2018-01-31
100,kava-labs,"Kava-Labs/kava,Kava-Labs/switch,Kava-Labs/kava-devnet,Kava-Labs/kava-testnets",DeFi for Crypto.,4,105.0,54.0,287,25,420,â–ˆâ–ˆâ–â–â–ˆâ–â–â–â–â–ˆ<br />25 to 287,116.5,117.0,222,10,466,15.5,10.0,35,7,62,138.0,131.5,175,114,â–„â–â–â–ˆâ–â–â–â–â–â–„<br />114 to 175,0.67,0.41,1.63,0.22,2.67,â–ˆâ–â–â–„â–â–â–â–â–â–„<br />0 to 2,2019-07-25,2018-05-19,2021-09-28,2021-01-26,2021-09-28,2019-06-11
101,onflow,"onflow/kitty-items,onflow/flow-go,onflow/flow-nft,onflow/cadence,onflow/flow","Based on CryptoKitties, Kitty Items is an example of a full-stack dapp built on Flow.",14,151.5,147.5,274,28,2121,â–„â–‚â–‚â–â–‚â–‚â–â–„â–‚â–ˆ<br />28 to 274,39.93,26.5,145,8,559,29.79,31.0,41,10,417,57.07,70.5,76,4,â–‚â–â–â–â–‚â–â–â–‚â–„â–ˆ<br />4 to 76,3.34,2.82,11.25,0.48,46.8,â–†â–†â–â–†â–ˆâ–†â–ƒâ–â–ƒâ–ƒ<br />0 to 11,2021-09-03,2020-04-15,2021-10-01,2021-09-16,2021-10-01,2021-07-15
102,maidsafe,"maidsafe/sn_routing,maidsafe/parsec,maidsafe/qp2p,maidsafe/sn_browser,maidsafe/sn_node",Routing - specialised storage DHT,14,140.64,107.5,271,26,1969,â–ƒâ–â–â–â–„â–ˆâ–ƒâ–â–†â–†<br />26 to 271,48.79,46.5,85,5,683,30.36,29.5,62,13,425,263.79,298.5,393,57,â–‚â–â–â–‚â–‚â–‚â–â–ƒâ–‚â–ˆ<br />57 to 393,0.68,0.51,1.77,0.1,9.53,â–‚â–ˆâ–â–„â–‚â–„â–â–â–‚â–„<br />0 to 2,2020-08-27,2014-03-19,2021-09-29,2021-03-30,2021-09-28,2015-06-09
103,enjin,"enjin/erc-1155,enjin/contracts,enjin/enjincraft",ERC-1155: Smart Contract Sample Implementation,3,118.0,58.0,262,34,354,â–ˆâ–â–ˆâ–â–â–â–â–â–â–ˆ<br />34 to 262,57.67,22.0,140,11,173,23.0,20.0,35,14,69,191.33,190.0,214,170,â–ˆâ–â–â–â–ˆâ–â–â–â–â–ˆ<br />170 to 214,0.66,0.27,1.54,0.18,1.99,â–ˆâ–â–â–â–â–â–â–â–â–„<br />0 to 2,2018-06-26,2017-08-23,2021-09-27,2021-06-30,2021-05-31,2017-11-02
104,hashgraph,"hashgraph/awesome-hashgraph,hashgraph/hedera-sdk-java,hashgraph/hedera-sdk-js,hashgraph/hedera-services,hashgraph/hedera-mirror-node",Hashgraph is a superior consensus mechanism / data structure alternative to blockchain.,11,87.36,61.0,258,30,961,â–„â–ˆâ–ˆâ–ˆâ–â–„â–„â–„â–â–„<br />30 to 258,38.09,32.0,80,22,419,23.82,17.0,50,12,262,126.18,115.0,204,49,â–ƒâ–â–ƒâ–â–ƒâ–ˆâ–ƒâ–â–†â–†<br />49 to 204,0.71,0.54,1.28,0.19,7.77,â–ˆâ–â–ˆâ–ˆâ–â–â–„â–â–ˆâ–ˆ<br />0 to 1,2020-10-23,2017-10-31,2021-10-01,2021-05-25,2021-10-01,2018-08-07
105,trusttoken,trusttoken/smart-contracts,TrustToken smart contracts,1,238.0,238.0,238,238,238,â–â–â–â–â–â–ˆâ–â–â–â–<br />238 to 238,85.0,85.0,85,85,85,31.0,31.0,31,31,31,196.0,196.0,196,196,â–â–â–â–â–â–ˆâ–â–â–â–<br />196 to 196,1.21,1.21,1.21,1.21,1.21,â–â–â–â–â–â–ˆâ–â–â–â–<br />1 to 1,2017-12-26,2017-12-26,2021-09-30,2021-09-30,2021-09-30,2021-09-30
106,umaprotocol,"UMAprotocol/protocol,UMAprotocol/whitepaper,UMAprotocol/UMIPs,UMAprotocol/token-distribution",UMA Protocol Running on Ethereum,4,92.75,52.5,238,28,371,â–ˆâ–ˆâ–â–â–ˆâ–â–â–â–â–ˆ<br />28 to 238,111.5,108.5,222,7,446,20.5,20.5,30,11,82,101.5,104.5,166,31,â–ˆâ–â–â–â–â–ˆâ–â–â–ˆâ–ˆ<br />31 to 166,0.83,0.71,1.43,0.45,3.3,â–ˆâ–â–â–â–â–„â–â–â–â–„<br />0 to 1,2021-02-23,2018-07-24,2021-10-01,2021-09-10,2021-10-01,2020-06-29
107,ethereumclassic,"ethereumclassic/explorer,ethereumclassic/ethereumclassic.github.io,ethereumclassic/ECIPs,ethereumclassic/etherwallet",EthereumClassic Block Explorer,4,109.0,84.0,224,44,436,â–ˆâ–â–ˆâ–â–â–ˆâ–â–â–â–ˆ<br />44 to 224,114.25,91.0,249,26,457,28.0,33.0,34,12,112,239.25,269.5,272,146,â–ƒâ–â–â–â–â–â–â–â–â–ˆ<br />146 to 272,0.45,0.41,0.83,0.16,1.81,â–ˆâ–â–â–ˆâ–ˆâ–â–â–â–â–ˆ<br />0 to 1,2018-12-08,2016-07-15,2021-09-26,2021-05-27,2021-09-26,2018-12-09
108,gohornet,gohornet/hornet,HORNET is a powerful IOTA fullnode software,1,218.0,218.0,218,218,218,â–â–â–â–â–â–ˆâ–â–â–â–<br />218 to 218,102.0,102.0,102,102,102,18.0,18.0,18,18,18,95.0,95.0,95,95,â–â–â–â–â–â–ˆâ–â–â–â–<br />95 to 95,2.29,2.29,2.29,2.29,2.29,â–â–â–â–â–â–ˆâ–â–â–â–<br />2 to 2,2019-12-04,2019-12-04,2021-09-29,2021-09-29,2021-09-02,2021-09-02
109,openhive-network,"openhive-network/hive,openhive-network/hivemind",Fast. Scalable. Powerful. The Blockchain for Web3,2,128.0,128.0,214,42,256,â–ˆâ–â–â–â–â–â–â–â–â–ˆ<br />42 to 214,54.5,54.5,78,31,109,19.0,19.0,33,5,38,52.0,52.0,80,24,â–ˆâ–â–â–â–â–â–â–â–â–ˆ<br />24 to 80,2.2,2.2,2.68,1.73,4.4,â–ˆâ–â–â–â–â–â–â–â–â–ˆ<br />2 to 3,2021-04-14,2020-03-20,2021-09-28,2021-09-09,2021-08-01,2021-06-16
110,bandprotocol,"bandprotocol/bandchain,bandprotocol/band,bandprotocol/contracts,bandprotocol/pylibra,bandprotocol/chain",BandChain - Decentralized Data Delivery Network,6,88.33,75.5,210,25,530,â–ˆâ–ˆâ–â–â–ˆâ–ˆâ–ˆâ–â–â–ˆ<br />25 to 210,19.0,13.0,52,9,114,9.0,8.0,20,3,54,106.67,114.0,155,45,â–ƒâ–â–â–â–â–â–ƒâ–ˆâ–â–ƒ<br />45 to 155,0.88,0.66,2.21,0.21,5.26,â–„â–â–ˆâ–„â–â–„â–â–â–â–„<br />0 to 2,2020-11-18,2018-10-10,2021-09-25,2021-04-26,2021-09-15,2019-07-15
111,phala-network,Phala-Network/phala-blockchain,"The Phala Network Blockchain, pRuntime and the bridge.",1,202.0,202.0,202,202,202,â–â–â–â–â–â–ˆâ–â–â–â–<br />202 to 202,86.0,86.0,86,86,86,30.0,30.0,30,30,30,90.0,90.0,90,90,â–â–â–â–â–ˆâ–â–â–â–â–<br />90 to 90,2.24,2.24,2.24,2.24,2.24,â–â–â–â–â–â–ˆâ–â–â–â–<br />2 to 2,2020-01-08,2020-01-08,2021-09-30,2021-09-30,2021-09-30,2021-09-30
112,horizenofficial,"HorizenOfficial/zen,HorizenOfficial/zen_archived,HorizenOfficial/zencash-swing-wallet-ui,HorizenOfficial/Sidechains-SDK,HorizenOfficial/arizen",Horizen,10,81.9,70.5,186,36,819,â–ˆâ–ˆâ–â–„â–„â–„â–„â–„â–â–„<br />36 to 186,53.3,55.0,111,10,533,31.7,28.5,57,15,317,186.3,210.0,225,78,â–‚â–â–â–â–â–‚â–‚â–â–‚â–ˆ<br />78 to 225,0.45,0.39,0.96,0.19,4.45,â–ˆâ–„â–ˆâ–„â–„â–ˆâ–â–â–â–„<br />0 to 1,2020-03-31,2017-06-08,2021-09-30,2021-05-07,2021-06-03,2018-02-23
113,klaytn,"klaytn/klaytn,klaytn/caver-js,klaytn/caver-java",Official Go implementation of the Klaytn protocol,3,89.67,53.0,174,42,269,â–ˆâ–ˆâ–â–â–â–â–â–â–â–ˆ<br />42 to 174,42.67,38.0,67,23,128,13.67,8.0,25,8,41,119.33,120.0,120,118,â–„â–â–â–â–â–â–â–â–â–ˆ<br />118 to 120,0.75,0.44,1.44,0.35,2.24,â–ˆâ–ˆâ–â–â–â–â–â–â–â–ˆ<br />0 to 1,2019-06-24,2019-06-11,2021-10-01,2021-09-29,2021-10-01,2021-09-29
114,celer-network,"celer-network/goCeler-oss,celer-network/cChannel-eth,celer-network/cBridge-node,celer-network/celer-light-client",Celer state channel network,4,74.0,50.5,168,27,296,â–ˆâ–ˆâ–â–â–ˆâ–â–â–â–â–ˆ<br />27 to 168,9.25,7.5,16,6,37,11.5,12.0,16,6,46,92.75,94.5,170,12,â–ˆâ–â–â–â–â–â–â–ˆâ–ˆâ–ˆ<br />12 to 170,1.45,1.16,3.21,0.26,5.8,â–ˆâ–â–â–â–â–â–â–„â–â–„<br />0 to 3,2021-07-08,2018-06-25,2021-09-29,2021-08-31,2021-09-29,2021-05-11
115,oasisprotocol,"oasisprotocol/oasis-core,oasisprotocol/ed25519,oasisprotocol/curve25519-voi",Performant and Confidentiality-Preserving Smart Contracts + Blockchains,3,80.0,48.0,162,30,240,â–ˆâ–â–ˆâ–â–â–â–â–â–â–ˆ<br />30 to 162,14.0,3.0,37,2,42,24.0,25.0,31,16,72,117.67,133.0,182,38,â–ˆâ–â–â–â–â–â–â–ˆâ–â–ˆ<br />38 to 182,0.67,0.78,0.89,0.36,2.02,â–ˆâ–â–â–â–â–â–â–â–ˆâ–ˆ<br />0 to 1,2021-01-04,2018-03-31,2021-09-30,2021-08-11,2021-09-30,2021-05-05
116,fantom-foundation,"Fantom-foundation/go-lachesis,Fantom-foundation/go-opera,Fantom-foundation/tokensale,Fantom-foundation/Fantom-PWA-Wallet,Fantom-foundation/bnbridge.exchange",aBFT consensus for permission-less networks,7,50.29,39.0,135,25,352,â–„â–ˆâ–ˆâ–„â–â–â–â–â–â–„<br />25 to 135,36.43,28.0,106,5,255,14.29,14.0,23,8,100,119.14,120.0,176,60,â–„â–â–ˆâ–â–â–â–„â–â–„â–ˆ<br />60 to 176,0.44,0.3,0.82,0.22,3.07,â–ˆâ–ˆâ–â–â–„â–â–â–â–â–ˆ<br />0 to 1,2020-08-06,2018-05-16,2021-10-01,2021-09-15,2021-09-24,2019-07-05
117,swissborg,"SwissBorg/swissborg.github.io,SwissBorg/lithium,SwissBorg/sbci-token,SwissBorg/Business,SwissBorg/payment-forwarder",html pages for SwissBorg projects,7,100.29,104.0,135,49,702,â–„â–â–â–„â–â–â–„â–„â–„â–ˆ<br />49 to 135,19.0,13.0,48,7,133,62.57,78.0,113,7,438,173.43,197.0,229,72,â–ƒâ–â–â–ƒâ–â–â–â–â–ˆâ–†<br />72 to 229,0.62,0.53,1.14,0.36,4.36,â–„â–„â–ˆâ–â–ˆâ–â–â–â–â–„<br />0 to 1,2020-05-13,2017-05-12,2021-09-30,2021-06-21,2021-09-30,2017-09-13
118,syscoin,"syscoin/syscoin,syscoin/blockmarket-desktop-public,syscoin/syscoin1","Syscoin is a crypto currency that is universally merge-mineable and offers a unique variety of services including decentralized identities, asset token issuance platform capabilities directly on the blockchain and trustless 0-counterparty interoptibility with the Ethereum blockchain",3,63.67,31.0,130,30,191,â–ˆâ–â–â–â–â–â–â–â–â–„<br />30 to 130,38.0,31.0,59,24,114,37.0,34.0,53,24,111,296.33,291.0,369,229,â–ˆâ–â–â–â–â–ˆâ–â–â–â–ˆ<br />229 to 369,0.22,0.14,0.45,0.08,0.66,â–ˆâ–ˆâ–â–â–â–â–â–â–â–ˆ<br />0 to 0,2017-05-09,2014-09-01,2021-09-18,2020-05-19,2021-09-04,2018-03-20
119,reef-defi,reef-defi/reef-chain,EVM compatible chain with NPoS/PoC consensus,1,118.0,118.0,118,118,118,â–â–â–â–â–â–ˆâ–â–â–â–<br />118 to 118,22.0,22.0,22,22,22,18.0,18.0,18,18,18,31.0,31.0,31,31,â–â–â–â–â–ˆâ–â–â–â–â–<br />31 to 31,3.7,3.7,3.7,3.7,3.7,â–â–â–â–â–â–ˆâ–â–â–â–<br />4 to 4,2021-02-20,2021-02-20,2021-09-30,2021-09-30,2021-09-20,2021-09-20
120,constellation-labs,"Constellation-Labs/constellation,Constellation-Labs/whitepaper-technical",:milky_way::satellite: Decentralized Application Integration Platform,2,72.0,72.0,111,33,144,â–ˆâ–â–â–â–â–â–â–â–â–ˆ<br />33 to 111,20.5,20.5,31,10,41,24.0,24.0,36,12,48,197.0,197.0,199,195,â–ˆâ–â–â–â–â–â–â–â–â–ˆ<br />195 to 199,0.36,0.36,0.56,0.17,0.73,â–ˆâ–â–â–â–â–â–â–â–â–ˆ<br />0 to 1,2018-01-05,2017-12-05,2021-09-30,2020-09-18,2021-09-22,2018-10-01
121,eveybcd,eveybcd/BitcoinDiamond,Bitcoin Diamond Official Repo,1,106.0,106.0,106,106,106,â–â–â–â–â–â–ˆâ–â–â–â–<br />106 to 106,60.0,60.0,60,60,60,36.0,36.0,36,36,36,197.0,197.0,197,197,â–â–â–â–â–â–ˆâ–â–â–â–<br />197 to 197,0.54,0.54,0.54,0.54,0.54,â–â–â–â–â–â–ˆâ–â–â–â–<br />1 to 1,2017-12-20,2017-12-20,2021-06-05,2021-06-05,2019-04-30,2019-04-30
122,fei-protocol,fei-protocol/fei-protocol-core,Smart contract code for Fei Protocol,1,99.0,99.0,99,99,99,â–â–â–â–â–â–ˆâ–â–â–â–<br />99 to 99,49.0,49.0,49,49,49,20.0,20.0,20,20,20,39.0,39.0,39,39,â–â–â–â–â–ˆâ–â–â–â–â–<br />39 to 39,2.51,2.51,2.51,2.51,2.51,â–â–â–â–â–â–ˆâ–â–â–â–<br />3 to 3,2020-12-29,2020-12-29,2021-09-28,2021-09-28,2021-09-28,2021-09-28
123,orbs-network,"orbs-network/go-scaffold,orbs-network/orbs-network-go,orbs-network/lean-helix-go,orbs-network/membuffers",Scaffold starter project in Go for a micro services based server with thorough testing,4,51.5,39.0,99,29,206,â–ˆâ–ˆâ–ˆâ–â–â–â–â–â–â–ˆ<br />29 to 99,6.25,6.5,12,0,25,9.75,10.5,11,7,39,169.5,170.0,175,163,â–„â–â–â–â–â–ˆâ–â–â–â–„<br />163 to 175,0.3,0.23,0.56,0.17,1.2,â–ˆâ–ˆâ–ˆâ–â–â–â–â–â–â–ˆ<br />0 to 1,2018-08-12,2018-05-23,2021-08-23,2021-08-05,2021-08-11,2019-03-26
124,tomochain,"tomochain/tomochain,tomochain/tomochain-v1,tomochain/tomomaster,tomochain/tomoscan,tomochain/erc20-crawler",The Efficient Blockchain Powered By Proof Of Stake Voting Consensus,8,46.5,42.0,96,25,372,â–„â–„â–„â–„â–ˆâ–„â–â–â–â–„<br />25 to 96,38.75,33.5,97,14,310,12.25,12.0,22,4,98,154.38,161.0,184,98,â–ƒâ–â–ƒâ–â–â–â–â–†â–ƒâ–ˆ<br />98 to 184,0.33,0.25,0.98,0.16,2.67,â–‚â–ˆâ–â–â–â–â–â–â–â–‚<br />0 to 1,2019-11-12,2018-03-23,2021-09-29,2021-01-13,2021-09-29,2018-08-10
125,oceanprotocol,"oceanprotocol/barge,oceanprotocol/market,oceanprotocol/aquarius,oceanprotocol/ocean.py,oceanprotocol/ocean.js",ğŸ³ Docker Compose files for the full Ocean Protocol stack,9,58.0,52.0,95,25,522,â–ƒâ–ƒâ–ƒâ–â–â–†â–â–ƒâ–â–ˆ<br />25 to 95,26.67,22.0,77,1,240,16.11,14.0,26,10,145,117.56,80.0,187,70,â–ˆâ–ƒâ–â–â–â–â–â–ƒâ–â–†<br />70 to 187,0.56,0.5,1.17,0.15,5.08,â–„â–â–ˆâ–„â–ˆâ–â–„â–„â–â–„<br />0 to 1,2020-05-23,2018-02-26,2021-09-30,2021-07-25,2021-09-30,2020-12-09
126,fetchai,"fetchai/agents-aea,fetchai/ledger,fetchai/docs,fetchai/ledger-archive,fetchai/agents-tac",A framework for autonomous economic agent (AEA) development,5,49.4,37.0,93,26,247,â–ˆâ–â–„â–â–â–â–„â–â–â–„<br />26 to 93,25.4,31.0,44,9,127,16.2,13.0,25,9,81,144.0,132.0,193,110,â–ˆâ–ˆâ–â–ˆâ–â–â–ˆâ–â–â–ˆ<br />110 to 193,0.37,0.3,0.84,0.17,1.84,â–ˆâ–â–ˆâ–â–â–â–â–â–â–„<br />0 to 1,2019-08-21,2018-01-15,2021-09-30,2021-09-07,2021-09-23,2019-05-29
127,singnet,"singnet/dev-portal,singnet/platform-contracts,singnet/snet-cli,singnet/snet-daemon,singnet/wiki","The SingularityNET Developer Portal where you can find all our documentation, tutorials, and developer resources!",9,46.0,36.0,92,27,414,â–ˆâ–ƒâ–†â–â–â–â–ƒâ–ƒâ–â–ƒ<br />27 to 92,22.67,17.0,39,7,204,15.44,15.0,25,7,139,177.22,180.0,206,152,â–‚â–â–‚â–‚â–â–ˆâ–â–â–â–‚<br />152 to 206,0.26,0.2,0.6,0.15,2.36,â–ˆâ–„â–â–â–„â–â–â–â–â–ƒ<br />0 to 1,2018-10-31,2017-10-18,2021-09-28,2021-03-31,2021-09-28,2018-12-25
128,coti-io,coti-io/coti-node,Coti Development Node Repository,1,88.0,88.0,88,88,88,â–â–â–â–â–â–ˆâ–â–â–â–<br />88 to 88,13.0,13.0,13,13,13,8.0,8.0,8,8,8,108.0,108.0,108,108,â–â–â–â–â–â–ˆâ–â–â–â–<br />108 to 108,0.81,0.81,0.81,0.81,0.81,â–â–â–â–â–â–ˆâ–â–â–â–<br />1 to 1,2019-09-03,2019-09-03,2021-09-30,2021-09-30,2021-09-28,2021-09-28
129,skalenetwork,"skalenetwork/libBLS,skalenetwork/skale-network,skalenetwork/skaled,skalenetwork/skale-consensus,skalenetwork/sgxwallet","Solidity-compatible BLS signatures, threshold encryption, distributed key generation library in modern C++. Actively maintained and used by SKALE for consensus, distributed random number gen, inter-chain communication and protection of transactions. BLS threshold signatures can be verified in Solidity, and used as random beacon (common coin)",8,52.38,49.0,85,25,419,â–„â–„â–â–ˆâ–â–â–„â–„â–â–ˆ<br />25 to 85,14.12,15.0,21,3,113,8.88,8.5,13,5,71,127.62,129.0,136,108,â–ƒâ–â–â–â–â–â–ƒâ–ˆâ–â–„<br />108 to 136,0.41,0.41,0.63,0.19,3.27,â–„â–„â–„â–â–„â–â–„â–„â–â–ˆ<br />0 to 1,2019-09-04,2019-02-16,2021-09-30,2021-09-03,2021-09-30,2021-08-30
130,nexofinance,nexofinance/NEXO-Token,Ethereum Smart Contract for NEXO ERC20 Token,1,77.0,77.0,77,77,77,â–â–â–â–â–â–ˆâ–â–â–â–<br />77 to 77,47.0,47.0,47,47,47,21.0,21.0,21,21,21,180.0,180.0,180,180,â–â–â–â–â–â–ˆâ–â–â–â–<br />180 to 180,0.43,0.43,0.43,0.43,0.43,â–â–â–â–â–â–ˆâ–â–â–â–<br />0 to 0,2018-04-17,2018-04-17,2021-09-30,2021-09-30,2018-04-20,2018-04-20
131,worldwide-asset-exchange,"worldwide-asset-exchange/wax-blockchain,worldwide-asset-exchange/waxjs","Worldwide Asset eXchange (WAX/wax.io) is an eos compatible blockchain and protocol token designed to make e-commerce transactions faster, easier, and safer.",2,52.5,52.5,74,31,105,â–ˆâ–â–â–â–â–â–â–â–â–ˆ<br />31 to 74,34.5,34.5,39,30,69,12.0,12.0,14,10,24,109.5,109.5,120,99,â–ˆâ–â–â–â–â–â–â–â–â–ˆ<br />99 to 120,0.46,0.46,0.62,0.31,0.93,â–ˆâ–â–â–â–â–â–â–â–â–ˆ<br />0 to 1,2019-11-08,2019-06-12,2021-09-30,2021-09-23,2021-08-23,2021-06-16
132,icon-project,"icon-project/loopchain,icon-project/iconex_chrome_extension,icon-project/icon-service,icon-project/icon-sdk-python,icon-project/t-bears",Blockchain engine for icon foundation.,9,38.33,33.0,72,27,345,â–ˆâ–ˆâ–„â–ˆâ–â–„â–â–â–â–„<br />27 to 72,18.89,19.0,31,6,170,21.22,21.0,30,15,191,152.0,162.0,179,56,â–‚â–â–â–â–â–â–â–â–ƒâ–ˆ<br />56 to 179,0.27,0.24,0.55,0.16,2.47,â–ˆâ–ƒâ–ˆâ–â–â–â–â–ƒâ–â–ƒ<br />0 to 1,2020-09-03,2018-04-24,2021-10-01,2021-07-12,2021-10-01,2021-03-08
133,l2beat,l2beat/l2beat,,1,69.0,69.0,69,69,69,â–â–â–â–â–â–ˆâ–â–â–â–<br />69 to 69,32.0,32.0,32,32,32,6.0,6.0,6,6,6,27.0,27.0,27,27,â–â–â–â–â–â–ˆâ–â–â–â–<br />27 to 27,2.53,2.53,2.53,2.53,2.53,â–â–â–â–â–â–ˆâ–â–â–â–<br />3 to 3,2021-03-24,2021-03-24,2021-09-30,2021-09-30,2021-09-30,2021-09-30
134,energywebfoundation,"energywebfoundation/origin,energywebfoundation/energyweb-ui,energywebfoundation/ew-did-registry",Origin is a set of toolkits that together provide a system for issuance and management of Energy Attribute Certificates ,3,43.67,41.0,65,25,131,â–ˆâ–â–â–â–â–ˆâ–â–â–â–ˆ<br />25 to 65,21.0,16.0,38,9,63,16.33,16.0,23,10,49,125.0,111.0,165,99,â–ˆâ–â–ˆâ–â–â–â–â–â–â–ˆ<br />99 to 165,0.36,0.25,0.58,0.25,1.08,â–ˆâ–â–â–â–â–â–â–â–â–„<br />0 to 1,2019-11-07,2018-07-30,2021-10-01,2021-09-17,2021-10-01,2019-02-15
135,thorchain,"thorchain/asgardex-electron,thorchain/Resources,thorchain/THORChain-v1,thorchain/thornode",ASGARDEX Electron App,4,47.25,47.5,65,29,189,â–ˆâ–â–â–â–ˆâ–â–â–ˆâ–â–ˆ<br />29 to 65,16.25,13.0,29,10,65,14.0,14.5,20,7,56,121.25,122.0,165,76,â–ˆâ–â–â–â–â–â–â–â–â–ˆ<br />76 to 165,0.45,0.34,0.85,0.25,1.79,â–ˆâ–ˆâ–ˆâ–â–â–â–â–â–â–ˆ<br />0 to 1,2020-04-16,2018-07-28,2021-09-30,2021-07-13,2021-09-30,2018-12-23
136,digibyte-core,DigiByte-Core/digibyte,DigiByte Core 7.17.3 - CURRENT (5-12-2021) - 8.19.0 Development,1,59.0,59.0,59,59,59,â–â–â–â–â–ˆâ–â–â–â–â–<br />59 to 59,30.0,30.0,30,30,30,35.0,35.0,35,35,35,160.0,160.0,160,160,â–â–â–â–â–â–ˆâ–â–â–â–<br />160 to 160,0.37,0.37,0.37,0.37,0.37,â–â–â–â–â–â–ˆâ–â–â–â–<br />0 to 0,2018-09-04,2018-09-04,2021-09-23,2021-09-23,2021-07-29,2021-07-29
137,cartesi,cartesi/machine-solidity-step,The on-chain implementation of the Cartesi Machine,1,59.0,59.0,59,59,59,â–â–â–â–â–ˆâ–â–â–â–â–<br />59 to 59,4.0,4.0,4,4,4,11.0,11.0,11,11,11,115.0,115.0,115,115,â–â–â–â–â–â–ˆâ–â–â–â–<br />115 to 115,0.51,0.51,0.51,0.51,0.51,â–â–â–â–â–â–ˆâ–â–â–â–<br />1 to 1,2019-07-16,2019-07-16,2021-10-01,2021-10-01,2021-03-19,2021-03-19
138,kusamanetwork,"kusamanetwork/faucet,kusamanetwork/userguide",Frictional faucet for the Kusama Network.,2,42.0,42.0,58,26,84,â–ˆâ–â–â–â–â–â–â–â–â–ˆ<br />26 to 58,22.0,22.0,27,17,44,10.0,10.0,11,9,20,108.5,108.5,116,101,â–ˆâ–â–â–â–â–â–â–â–â–ˆ<br />101 to 116,0.4,0.4,0.57,0.22,0.8,â–ˆâ–â–â–â–â–â–â–â–â–ˆ<br />0 to 1,2019-10-24,2019-07-10,2021-09-28,2021-03-11,2020-07-28,2020-05-20
139,nearprotocol,"nearprotocol/NEARStudio,nearprotocol/stakewars",IDE for building smart contracts on NEAR Protocol,2,53.0,53.0,55,51,106,â–ˆâ–â–â–â–â–â–â–â–â–ˆ<br />51 to 55,140.0,140.0,265,15,280,22.5,22.5,25,20,45,126.5,126.5,151,102,â–ˆâ–â–â–â–â–â–â–â–â–ˆ<br />102 to 151,0.43,0.43,0.5,0.36,0.86,â–ˆâ–â–â–â–â–â–â–â–â–ˆ<br />0 to 0,2019-10-14,2018-11-06,2021-09-14,2021-07-30,2020-12-09,2020-02-29
140,medibloc,"medibloc/go-medibloc,medibloc/panacea-core","Blockchain developed from MediBloc, using Go language.",2,43.0,43.0,53,33,86,â–ˆâ–â–â–â–â–â–â–â–â–ˆ<br />33 to 53,13.0,13.0,18,8,26,19.5,19.5,32,7,39,149.0,149.0,185,113,â–ˆâ–â–â–â–â–â–â–â–â–ˆ<br />113 to 185,0.29,0.29,0.29,0.29,0.58,â–ˆâ–â–â–â–â–â–â–â–â–ˆ<br />0 to 0,2019-07-30,2018-03-13,2021-09-27,2021-08-25,2021-09-27,2019-06-17
141,alphafinancelab,"AlphaFinanceLab/alpha-homora-v1-eth-contract,AlphaFinanceLab/alpha-homora-v2-contract",,2,38.5,38.5,51,26,77,â–ˆâ–â–â–â–â–â–â–â–â–ˆ<br />26 to 51,20.5,20.5,28,13,41,6.0,6.0,8,4,12,48.5,48.5,52,45,â–ˆâ–â–â–â–â–â–â–â–â–ˆ<br />45 to 52,0.77,0.77,0.96,0.58,1.54,â–ˆâ–â–â–â–â–â–â–â–â–ˆ<br />1 to 1,2020-11-20,2020-09-26,2021-09-16,2021-09-12,2021-05-10,2021-04-26
142,loopring,"Loopring/dexwebapp,Loopring/whitepaper,Loopring/protocol3-circuits,Loopring/hummingbot,Loopring/awesome-loopring",Public repository for user feedback and bug reports,6,33.5,32.5,46,25,201,â–„â–„â–â–â–ˆâ–â–„â–â–â–„<br />25 to 46,16.5,6.0,44,3,99,16.33,16.5,29,4,98,115.0,102.5,223,55,â–ˆâ–ˆâ–â–ˆâ–â–ˆâ–ˆâ–â–â–ˆ<br />55 to 223,0.36,0.39,0.54,0.17,2.15,â–†â–â–â–ƒâ–â–â–â–â–â–ˆ<br />0 to 1,2020-09-07,2017-06-22,2021-09-18,2021-05-13,2021-09-18,2018-09-09
143,bakeryproject,BakeryProject/bakery-swap-core,,1,45.0,45.0,45,45,45,â–â–â–â–â–ˆâ–â–â–â–â–<br />45 to 45,53.0,53.0,53,53,53,7.0,7.0,7,7,7,54.0,54.0,54,54,â–â–â–â–â–ˆâ–â–â–â–â–<br />54 to 54,0.82,0.82,0.82,0.82,0.82,â–â–â–â–â–â–ˆâ–â–â–â–<br />1 to 1,2020-09-13,2020-09-13,2021-09-29,2021-09-29,2020-09-13,2020-09-13
144,amptoken,amptoken/amp-token-contracts,A digital collateral token designed to facilitate fast and efficient value transfer,1,41.0,41.0,41,41,41,â–â–â–â–â–ˆâ–â–â–â–â–<br />41 to 41,15.0,15.0,15,15,15,16.0,16.0,16,16,16,59.0,59.0,59,59,â–â–â–â–â–ˆâ–â–â–â–â–<br />59 to 59,0.69,0.69,0.69,0.69,0.69,â–â–â–â–â–ˆâ–â–â–â–â–<br />1 to 1,2020-08-10,2020-08-10,2021-09-27,2021-09-27,2020-12-04,2020-12-04
145,quantnetwork,quantnetwork/overledger-sdk-javascript,Overledger software development kit for the JavaScript language.,1,34.0,34.0,34,34,34,â–â–â–â–â–â–ˆâ–â–â–â–<br />34 to 34,9.0,9.0,9,9,9,11.0,11.0,11,11,11,157.0,157.0,157,157,â–â–â–â–â–â–ˆâ–â–â–â–<br />157 to 157,0.22,0.22,0.22,0.22,0.22,â–â–â–â–â–ˆâ–â–â–â–â–<br />0 to 0,2018-09-24,2018-09-24,2021-09-08,2021-09-08,2021-04-20,2021-04-20
146,xyoraclenetwork,XYOracleNetwork/xyo-foundation,XYO Foundation Source Code Map and Best Practices,1,32.0,32.0,32,32,32,â–â–â–â–â–â–ˆâ–â–â–â–<br />32 to 32,16.0,16.0,16,16,16,14.0,14.0,14,14,14,126.0,126.0,126,126,â–â–â–â–â–â–ˆâ–â–â–â–<br />126 to 126,0.25,0.25,0.25,0.25,0.25,â–â–â–â–â–ˆâ–â–â–â–â–<br />0 to 0,2019-05-01,2019-05-01,2021-09-21,2021-09-21,2021-09-14,2021-09-14
147,xinfinorg,"XinFinOrg/BlockDegree,XinFinOrg/XDPoSChain","Free Blockchain Course with Online Certification.. This exam comprises of theory and practical Question, to be completed within 45 minutes. The minimum passing score of the exam is above 60%. Upon passing of the exam, you will be entitled to receive a certification of competence, which will be added to the Xinfin blockchain. With the certificate on the blockchain, you will be able to check your immutable certificate using the transaction hash provided to you.",2,26.0,26.0,27,25,52,â–ˆâ–â–â–â–â–â–â–â–â–ˆ<br />25 to 27,23.0,23.0,31,15,46,8.0,8.0,13,3,16,143.5,143.5,147,140,â–ˆâ–â–â–â–â–â–â–â–â–ˆ<br />140 to 147,0.18,0.18,0.18,0.18,0.36,â–ˆâ–â–â–â–â–â–â–â–â–ˆ<br />0 to 0,2019-01-25,2018-12-01,2021-09-16,2021-09-07,2021-08-25,2021-04-01
148,immutable,"immutable/gods-unchained-api,immutable/platform-contracts",Public developer API documentation for Gods Unchained. ,2,25.5,25.5,26,25,51,â–ˆâ–â–â–â–â–â–â–â–â–ˆ<br />25 to 26,7.5,7.5,11,4,15,14.0,14.0,16,12,28,130.5,130.5,160,101,â–ˆâ–â–â–â–â–â–â–â–â–ˆ<br />101 to 160,0.2,0.2,0.25,0.16,0.41,â–ˆâ–â–â–â–â–â–â–â–â–ˆ<br />0 to 0,2019-10-22,2018-09-04,2021-09-25,2021-09-13,2021-05-27,2019-07-01
