,org,repopath_first5,desc_most_stars,repo_count,stars_mean,stars_median,stars_max,stars_min,stars_sum,stars_hist,forks_mean,forks_median,forks_max,forks_min,forks_sum,watches_mean,watches_median,watches_max,watches_min,watches_sum,age_weeks_mean,age_weeks_median,age_weeks_max,age_weeks_min,age_weeks_hist,stars_per_week_mean,stars_per_week_median,stars_per_week_max,stars_per_week_min,stars_per_week_sum,stars_per_week_hist,created_at_max,created_at_min,updated_at_max,updated_at_min,last_commit_date_max,last_commit_date_min,ticker,cmc_name
0,bitcoin,"bitcoin/bitcoin,bitcoin/bips,bitcoin/libbase58,bitcoin/libblkmaker",Bitcoin Core integration/staging tree,4,15830.25,2910.5,57383,117,63321,"â–ˆâ–â–â–â–â–â–„â–â–â–„<br />117 to 57,383",8531.25,1962.5,30063,137,34125,1158.75,374.5,3847,39,4635,422.0,391.0,563,343,â–ˆâ–ˆâ–â–ˆâ–â–â–â–â–â–ˆ<br />343 to 563,29.1,7.1,101.87,0.34,116.41,â–ˆâ–â–â–â–â–„â–â–â–â–„<br />0 to 102,2015-03-10,2010-12-19,2021-10-04,2021-09-29,2021-10-04,2018-02-19,BTC,bitcoin
1,ethereum,"ethereum/go-ethereum,ethereum/wiki,ethereum/solidity,ethereum/mist,ethereum/EIPs",Official Go implementation of the Ethereum protocol,184,624.86,59.5,32610,10,114974,"â–ˆâ–„â–…â–„â–ƒâ–‚â–‚â–â–â–<br />10 to 32,610",228.86,35.0,12011,1,42111,61.86,15.5,2118,1,11383,232.01,236.5,406,12,â–â–â–‚â–â–‚â–‚â–ƒâ–…â–†â–ˆ<br />12 to 406,2.07,0.34,80.38,0.03,381.07,â–ˆâ–ƒâ–‚â–‚â–â–â–â–â–â–<br />0 to 80,2021-07-13,2013-12-24,2021-10-04,2020-04-22,2021-10-04,2014-07-30,ETH,ethereum
2,dogecoin,"dogecoin/dogecoin,dogecoin/dogecoin.com,dogecoin/libdohj,dogecoin/dips,dogecoin/dogecoin.github.io",very currency,5,2711.4,72.0,13016,24,13557,"â–ˆâ–„â–â–â–„â–â–â–â–â–„<br />24 to 13,016",522.6,78.0,2300,17,2613,195.2,17.0,862,8,976,329.6,390.0,408,108,â–ƒâ–â–â–â–â–â–â–â–ƒâ–ˆ<br />108 to 408,6.68,0.22,31.86,0.07,33.39,â–ˆâ–ƒâ–â–â–â–â–â–â–â–ƒ<br />0 to 32,2019-09-08,2013-12-06,2021-10-04,2021-06-21,2021-09-20,2014-06-30,DOGE,dogecoin
3,hyperledger,"hyperledger/fabric,hyperledger/hyperledger,hyperledger/fabric-samples,hyperledger/sawtooth-core,hyperledger/blockchain-explorer",Hyperledger Fabric is an enterprise-grade permissioned distributed ledger framework for developing solutions and applications. Its modular and versatile design satisfies a broad range of industry use cases. It offers a unique approach to consensus that enables performance at scale while preserving privacy.,90,361.94,53.5,12605,10,32575,"â–ˆâ–‡â–†â–„â–„â–‚â–ƒâ–â–â–<br />10 to 12,605",234.62,51.5,7391,4,21116,49.33,21.0,1032,2,4440,157.88,146.5,330,14,â–â–‚â–â–â–‚â–ƒâ–ˆâ–…â–‡â–…<br />14 to 330,1.62,0.43,47.26,0.05,146.22,â–ˆâ–ƒâ–ƒâ–‚â–‚â–â–â–â–â–<br />0 to 47,2021-06-29,2015-06-08,2021-10-04,2021-01-21,2021-10-04,2019-08-30,,
4,openzeppelin,"OpenZeppelin/openzeppelin-contracts,OpenZeppelin/ethernaut,OpenZeppelin/openzeppelin-sdk,OpenZeppelin/damn-vulnerable-defi,OpenZeppelin/openzeppelin-contracts-upgradeable",OpenZeppelin Contracts is a library for secure smart contract development.,38,431.87,41.5,12593,11,16411,"â–ˆâ–†â–„â–ƒâ–„â–‚â–â–â–â–‚<br />11 to 12,593",206.89,18.5,6333,2,7862,26.66,12.0,546,3,1013,128.21,122.0,270,6,â–‚â–â–‚â–â–‚â–ƒâ–ƒâ–ˆâ–‡â–†<br />6 to 270,2.39,0.35,46.62,0.06,90.85,â–ˆâ–ƒâ–ƒâ–‚â–â–â–â–â–â–<br />0 to 47,2021-08-18,2016-08-01,2021-10-04,2020-09-05,2021-10-04,2018-06-06,,
5,chainsafe,"ChainSafe/web3.js,ChainSafe/lodestar,ChainSafe/forest,ChainSafe/gossamer,ChainSafe/ChainBridge",Ethereum JavaScript API,31,438.45,28.0,11474,10,13592,"â–ˆâ–„â–ƒâ–‚â–‚â–‚â–â–â–â–‚<br />10 to 11,474",133.97,7.0,3470,0,4153,25.55,11.0,421,1,792,112.23,100.0,366,19,â–ƒâ–ƒâ–â–‚â–…â–ˆâ–„â–†â–â–‚<br />19 to 366,1.85,0.33,31.35,0.08,57.39,â–ˆâ–â–‚â–‚â–â–â–â–â–â–<br />0 to 31,2021-05-22,2014-09-30,2021-10-04,2020-06-21,2021-10-04,2018-10-01,,
6,eosio,"EOSIO/eos,EOSIO/Documentation,EOSIO/eosjs,EOSIO/eosio.cdt,EOSIO/demux-js",An open source smart contract platform ,61,305.18,29.0,11258,10,18616,"â–ˆâ–…â–ƒâ–ƒâ–‚â–â–â–â–â–<br />10 to 11,258",138.38,23.0,3649,2,8441,54.77,32.0,1059,4,3341,165.7,166.0,234,109,â–â–ƒâ–ˆâ–â–â–†â–ƒâ–‚â–â–…<br />109 to 234,1.43,0.21,47.94,0.05,86.95,â–ˆâ–ƒâ–â–â–â–â–â–â–â–<br />0 to 48,2019-09-02,2017-04-05,2021-10-02,2019-07-18,2021-09-23,2017-06-07,EOS,eos
7,chia-network,"Chia-Network/chia-blockchain,Chia-Network/pool-reference,Chia-Network/chia-blockchain-gui,Chia-Network/chiapos,Chia-Network/bls-signatures","Chia blockchain python implementation (full node, farmer, harvester, timelord, and wallet)",19,608.74,71.0,9353,14,11566,"â–ˆâ–ˆâ–†â–†â–†â–ƒâ–â–â–â–ƒ<br />14 to 9,353",160.47,35.0,1616,2,3049,45.63,25.0,348,6,867,91.68,109.0,198,10,â–„â–â–ƒâ–„â–ƒâ–ƒâ–„â–„â–ˆâ–ˆ<br />10 to 198,7.54,0.76,80.63,0.11,143.3,â–ˆâ–„â–â–‚â–‚â–‚â–‚â–‚â–â–‚<br />0 to 81,2021-07-27,2017-12-16,2021-10-04,2021-05-26,2021-10-02,2018-10-11,XCH,chia-network
8,monero-project,"monero-project/monero,monero-project/monero-gui,monero-project/kovri,monero-project/monero-site,monero-project/research-lab","Monero: the secure, private, untraceable cryptocurrency",15,558.47,68.0,6256,10,8377,"â–ˆâ–‚â–„â–„â–„â–â–„â–â–â–‚<br />10 to 6,256",299.67,34.0,3072,15,4495,61.6,12.0,488,6,924,295.87,309.0,387,156,â–ƒâ–â–â–„â–„â–ƒâ–â–„â–†â–ˆ<br />156 to 387,1.53,0.18,16.13,0.03,22.92,â–ˆâ–ƒâ–â–‚â–‚â–â–â–â–â–‚<br />0 to 16,2018-10-09,2014-04-30,2021-10-04,2021-05-18,2021-10-03,2015-08-15,XMR,monero
9,paritytech,"paritytech/substrate,paritytech/polkadot,paritytech/wasmi,paritytech/parity-bitcoin,paritytech/ink",Substrate: The platform for blockchain innovators,105,181.56,34.0,5677,10,19064,"â–ˆâ–†â–„â–„â–ƒâ–‚â–‚â–â–â–<br />10 to 5,677",56.47,17.0,1705,2,5929,24.3,13.0,427,3,2551,153.96,151.0,296,29,â–â–â–‚â–‚â–„â–…â–‚â–‡â–„â–ˆ<br />29 to 296,1.16,0.31,27.83,0.04,121.88,â–ˆâ–ƒâ–ƒâ–â–â–â–â–â–â–<br />0 to 28,2021-03-15,2016-02-01,2021-10-04,2021-04-22,2021-10-04,2016-06-25,,
10,consensys,"ConsenSys/smart-contract-best-practices,ConsenSys/quorum,ConsenSys/ethereum-developer-tools-list,ConsenSys/mythril,ConsenSys/Tokens",A guide to smart contract security best practices,109,222.59,35.0,4509,10,24262,"â–ˆâ–†â–…â–ƒâ–ƒâ–‚â–‚â–â–â–<br />10 to 4,509",72.41,17.0,1098,0,7893,32.04,24.0,332,2,3492,157.42,151.0,344,26,â–â–‚â–â–‚â–„â–„â–ˆâ–…â–†â–ƒ<br />26 to 344,1.1,0.3,16.4,0.06,119.66,â–ˆâ–‚â–‚â–‚â–â–â–â–â–â–<br />0 to 16,2021-04-02,2015-02-26,2021-10-04,2019-08-30,2021-10-04,2016-10-25,,
11,zcash,"zcash/zcash,zcash/librustzcash,zcash/zips,zcash/mpc,zcash/halo2",Zcash - Internet Money,19,290.32,21.0,4465,12,5516,"â–ˆâ–‚â–‚â–ƒâ–‚â–â–â–â–â–‚<br />12 to 4,465",130.0,24.0,1847,1,2470,36.16,11.0,402,8,687,173.47,150.0,358,30,â–‚â–‚â–ƒâ–â–ƒâ–ƒâ–„â–â–ˆâ–ƒ<br />30 to 358,1.04,0.34,12.46,0.06,19.7,â–ˆâ–…â–‚â–â–‚â–â–â–â–â–‚<br />0 to 12,2021-03-03,2014-11-22,2021-10-04,2020-08-31,2021-10-02,2017-02-09,ZEC,zcash
12,solana-labs,"solana-labs/solana,solana-labs/solana-program-library,solana-labs/dapp-scaffold,solana-labs/solana-web3.js,solana-labs/solana-season","Web-Scale Blockchain for fast, secure, scalable, decentralized apps and marketplaces.",27,291.96,55.0,4299,10,7883,"â–ˆâ–ˆâ–„â–„â–ƒâ–„â–„â–â–â–‚<br />10 to 4,299",135.11,31.0,823,5,3648,28.89,21.0,176,5,780,95.41,81.0,193,23,â–†â–ƒâ–‚â–†â–â–„â–‚â–ƒâ–†â–ˆ<br />23 to 193,3.6,1.07,22.64,0.05,97.32,â–ˆâ–ƒâ–ƒâ–‚â–ƒâ–â–â–â–â–‚<br />0 to 23,2021-04-22,2018-01-20,2021-10-04,2021-09-13,2021-10-04,2019-01-20,SOL,solana
13,litecoin-project,"litecoin-project/litecoin,litecoin-project/liteaddress.org,litecoin-project/lips,litecoin-project/liteaddress.org-old,litecoin-project/p2sh-convert",Litecoin source tree,12,361.17,34.5,3953,11,4334,"â–ˆâ–„â–ˆâ–ƒâ–â–â–â–â–â–ƒ<br />11 to 3,953",264.25,43.5,2768,9,3171,66.17,25.5,529,12,794,372.5,405.0,485,195,â–ƒâ–ƒâ–ƒâ–â–â–â–†â–ƒâ–ˆâ–ˆ<br />195 to 485,0.78,0.08,8.14,0.03,9.34,â–ˆâ–â–â–â–â–â–â–â–â–‚<br />0 to 8,2018-01-09,2012-06-13,2021-10-03,2021-05-18,2021-06-10,2013-07-07,LTC,litecoin
14,ripple,"ripple/rippled,ripple/ripple-client,ripple/ripplecharts-frontend,ripple/ripple-client-desktop,ripple/rippled-historical-database",Decentralized cryptocurrency blockchain daemon implementing the XRP Ledger in C++,26,239.08,19.5,3949,10,6216,"â–ˆâ–„â–ƒâ–ƒâ–‚â–â–â–â–‚â–‚<br />10 to 3,949",107.15,30.5,1265,4,2786,69.27,21.0,715,7,1801,320.5,329.0,517,14,â–‚â–â–â–â–â–‚â–â–„â–‡â–ˆ<br />14 to 517,0.55,0.08,7.64,0.03,14.18,â–ˆâ–‚â–â–â–â–â–â–â–â–<br />0 to 8,2021-06-25,2011-11-07,2021-10-03,2020-01-14,2021-09-23,2014-09-08,XRP,xrp
15,input-output-hk,"input-output-hk/cardano-sl,input-output-hk/cardano-node,input-output-hk/plutus,input-output-hk/daedalus,input-output-hk/plutus-pioneer-program",Cryptographic currency implementing Ouroboros PoS protocol,89,176.49,48.0,3688,10,15708,"â–ˆâ–‡â–‡â–†â–„â–‚â–‚â–â–â–<br />10 to 3,688",50.65,14.0,614,1,4508,37.85,23.0,447,4,3369,144.54,148.0,339,3,â–â–â–â–‚â–‚â–‚â–„â–†â–ˆâ–†<br />3 to 339,2.26,0.33,49.0,0.04,200.88,â–ˆâ–ƒâ–‚â–â–â–â–â–â–â–<br />0 to 49,2021-09-10,2015-04-06,2021-10-04,2020-02-25,2021-10-04,2016-10-03,ADA,cardano
16,neo-project,"neo-project/neo,neo-project/neo-gui-2.x,neo-project/neo-node,neo-project/docs,neo-project/neo-vm",NEO Smart Economy,15,307.73,66.0,3308,10,4616,"â–†â–„â–„â–ƒâ–ˆâ–„â–â–â–â–ƒ<br />10 to 3,308",161.93,114.0,968,10,2429,55.73,33.0,393,13,836,207.53,220.0,331,102,â–„â–â–â–â–‚â–‚â–ˆâ–ƒâ–‚â–‚<br />102 to 331,1.06,0.27,9.99,0.05,15.86,â–ˆâ–„â–„â–â–â–â–â–â–â–‚<br />0 to 10,2019-10-18,2015-05-31,2021-10-03,2020-08-28,2021-10-01,2018-03-26,NEO,neo
17,nanocurrency,"nanocurrency/nano-node,nanocurrency/nano-docs,nanocurrency/nano-work-server,nanocurrency/protocol,nanocurrency/nano-pow",Nano is a cryptocurrency,8,444.88,29.5,3286,10,3559,"â–†â–ˆâ–â–ƒâ–ƒâ–â–â–â–â–ƒ<br />10 to 3,286",112.5,7.5,743,2,900,46.38,14.0,274,9,371,158.62,131.5,387,52,â–ƒâ–â–â–ƒâ–ˆâ–ƒâ–ƒâ–â–â–ƒ<br />52 to 387,1.33,0.28,8.48,0.08,10.66,â–ˆâ–„â–ƒâ–â–â–â–â–â–â–ƒ<br />0 to 8,2020-10-02,2014-05-01,2021-10-03,2021-03-16,2021-10-03,2019-10-08,NANO,nano
18,status-im,"status-im/status-react,status-im/react-native-desktop-qt,status-im/status-go,status-im/nimbus-eth1,status-im/nimbus-eth2","a free (libre) open source, mobile OS for Ethereum",93,92.23,20.0,3241,10,8577,"â–ˆâ–„â–‚â–‚â–‚â–â–â–â–â–<br />10 to 3,241",22.72,5.0,835,0,2113,25.37,19.0,182,3,2359,171.25,167.0,338,14,â–â–â–‚â–â–‚â–‚â–ƒâ–ˆâ–†â–ƒ<br />14 to 338,0.47,0.13,11.06,0.03,43.54,â–ˆâ–‚â–‚â–â–â–â–â–â–â–<br />0 to 11,2021-06-28,2015-04-14,2021-10-04,2017-11-07,2021-10-04,2015-06-15,SNT,status
19,golemfactory,"golemfactory/clay,golemfactory/yagna,golemfactory/golem-electron,golemfactory/awesome-golem,golemfactory/golem-crowdfunding",Golem is creating a global market for computing power.,16,226.44,20.0,2963,10,3623,"â–ˆâ–‡â–„â–…â–‚â–â–â–â–â–‚<br />10 to 2,963",27.75,7.5,319,0,444,30.56,12.5,255,6,489,172.44,175.5,306,48,â–â–â–â–â–â–„â–â–ˆâ–„â–ˆ<br />48 to 306,0.96,0.18,9.66,0.06,15.38,â–ˆâ–‚â–â–â–‚â–â–â–â–â–‚<br />0 to 10,2020-10-29,2015-11-18,2021-10-02,2020-01-13,2021-10-02,2016-06-27,GLM,golem-network-tokens
20,tronprotocol,"tronprotocol/java-tron,tronprotocol/documentation,tronprotocol/wallet-cli,tronprotocol/sun-network,tronprotocol/tronweb",Java implementation of the Tron whitepaper,29,156.72,27.0,2823,10,4545,"â–ˆâ–†â–‚â–„â–‚â–ƒâ–â–â–â–‚<br />10 to 2,823",95.97,26.0,964,4,2783,26.1,10.0,331,3,757,146.34,151.0,197,30,â–‚â–â–‚â–â–â–â–‚â–‡â–‡â–ˆ<br />30 to 197,0.91,0.22,14.33,0.07,26.25,â–ˆâ–„â–‚â–‚â–â–â–â–â–â–<br />0 to 14,2021-03-09,2017-12-26,2021-10-03,2020-09-11,2021-09-14,2018-06-14,TRX,tron
21,stellar,"stellar/stellar-core,stellar/go,stellar/kelp,stellar/js-stellar-sdk,stellar/stellar-protocol",stellar-core is the reference implementation for the peer to peer agent that manages the Stellar network,33,230.0,55.0,2799,10,7590,"â–ˆâ–ƒâ–†â–…â–ƒâ–‚â–ƒâ–â–â–<br />10 to 2,799",104.97,42.0,927,3,3464,36.27,25.0,277,7,1197,233.27,241.0,388,58,â–‚â–â–‚â–‚â–‚â–â–‚â–‚â–„â–ˆ<br />58 to 388,0.89,0.27,7.82,0.03,29.39,â–ˆâ–‚â–‚â–‚â–â–â–â–‚â–â–<br />0 to 8,2020-08-20,2014-04-23,2021-10-04,2021-06-08,2021-10-01,2017-05-20,XLM,stellar
22,cosmos,"cosmos/cosmos-sdk,cosmos/cosmos,cosmos/ethermint-archive,cosmos/ibc,cosmos/gaia",:chains: A Framework for Building High Value Public Blockchains :sparkles:,38,200.42,53.5,2798,10,7616,"â–ˆâ–ƒâ–…â–…â–ƒâ–‚â–ƒâ–â–â–<br />10 to 2,798",105.71,31.0,1244,2,4017,29.79,18.0,203,4,1132,137.45,130.5,295,31,â–â–â–ƒâ–â–„â–„â–ˆâ–†â–ˆâ–„<br />31 to 295,1.13,0.57,9.47,0.05,43.07,â–ˆâ–„â–ƒâ–‚â–‚â–ƒâ–â–â–â–<br />0 to 9,2021-02-24,2016-02-06,2021-10-04,2020-06-29,2021-10-04,2018-09-14,ATOM,cosmos
23,liskhq,"LiskHQ/lisk-sdk,LiskHQ/lisk-desktop,LiskHQ/lisk-explorer,LiskHQ/lisk-core,LiskHQ/lisk-mobile",ğŸ”© Lisk software development kit,11,350.36,60.0,2760,12,3854,"â–ƒâ–ˆâ–†â–ƒâ–†â–â–â–ƒâ–â–ƒ<br />12 to 2,760",72.64,29.0,464,5,799,38.64,20.0,220,11,425,193.0,179.0,299,78,â–ƒâ–â–â–†â–ƒâ–ƒâ–ƒâ–†â–â–ˆ<br />78 to 299,1.39,0.4,9.32,0.04,15.25,â–ˆâ–…â–‚â–â–â–‚â–â–â–â–‚<br />0 to 9,2020-04-07,2016-01-11,2021-10-04,2021-06-14,2021-10-04,2018-07-23,LSK,lisk
24,uniswap,"Uniswap/interface,Uniswap/v3-core,Uniswap/v2-core,Uniswap/v3-periphery,Uniswap/v2-periphery",ğŸ¦„ An open source interface for the Uniswap protocol,40,248.5,83.5,2522,13,9940,"â–†â–…â–„â–ˆâ–…â–„â–„â–â–ƒâ–‚<br />13 to 2,522",238.6,68.0,2363,3,9544,22.05,12.0,164,2,882,78.85,65.5,205,14,â–ƒâ–â–ƒâ–ƒâ–„â–ˆâ–†â–ˆâ–†â–ƒ<br />14 to 205,3.13,1.54,19.48,0.13,125.03,â–ˆâ–†â–ˆâ–‡â–ƒâ–„â–â–‚â–ƒâ–ƒ<br />0 to 19,2021-06-23,2017-10-29,2021-10-04,2021-08-25,2021-10-02,2018-10-26,UNI,uniswap
25,blockstack,"blockstack/stacks-blockchain,blockstack/stacks,blockstack/blockstack-browser,blockstack/stacks.js,blockstack/gaia",The Stacks 2.0 blockchain implementation,48,189.23,42.5,2468,10,9083,"â–‡â–†â–ˆâ–„â–„â–‚â–â–‚â–‚â–‚<br />10 to 2,468",56.0,21.5,472,1,2688,28.04,18.0,191,1,1346,241.06,238.0,406,50,â–‚â–â–‚â–‚â–‚â–…â–ƒâ–„â–ˆâ–…<br />50 to 406,0.63,0.22,6.72,0.03,30.19,â–ˆâ–ƒâ–‚â–â–â–‚â–â–â–â–<br />0 to 7,2020-10-14,2013-12-21,2021-10-04,2018-11-20,2021-10-04,2016-04-16,STX,stacks
26,smartcontractkit,"smartcontractkit/chainlink,smartcontractkit/full-blockchain-solidity-course-py,smartcontractkit/chainlink-ruby,smartcontractkit/external-adapters-js,smartcontractkit/chainlink-polkadot","node of the decentralized oracle network, bridging on and off-chain computation",23,208.78,34.0,2311,10,4802,"â–ˆâ–‚â–‚â–‚â–…â–â–â–â–â–‚<br />10 to 2,311",67.74,10.0,698,1,1558,41.26,46.0,233,4,949,127.39,94.0,282,5,â–‚â–‚â–â–ƒâ–‚â–ƒâ–„â–„â–„â–ˆ<br />5 to 282,7.52,0.38,144.1,0.04,172.9,â–ˆâ–‚â–‚â–‚â–â–‚â–â–â–â–‚<br />0 to 144,2021-08-25,2016-05-10,2021-10-04,2019-06-20,2021-10-04,2017-11-09,LINK,chainlink
27,prysmaticlabs,"prysmaticlabs/prysm,prysmaticlabs/ethereumapis,prysmaticlabs/prysm-web-ui,prysmaticlabs/go-ssz,prysmaticlabs/documentation",Go implementation of Ethereum proof of stake,7,340.86,26.0,2231,15,2386,"â–ˆâ–†â–ƒâ–â–â–â–â–â–â–ƒ<br />15 to 2,231",101.14,20.0,522,6,708,23.29,8.0,120,4,163,114.29,120.0,194,59,â–ˆâ–â–â–„â–â–„â–„â–„â–â–„<br />59 to 194,1.87,0.23,11.46,0.1,13.11,â–ˆâ–„â–â–â–â–â–â–â–â–ƒ<br />0 to 11,2020-08-12,2018-01-11,2021-10-04,2021-07-04,2021-10-04,2019-02-11,,
28,iotaledger,"iotaledger/legacy-wallet-use-trinity-wallet-instead,iotaledger/iri,iotaledger/iota.js,iotaledger/trinity-wallet,iotaledger/iota.py",IOTA Wallet,101,100.93,31.0,2130,10,10194,"â–ˆâ–„â–†â–„â–‚â–‚â–‚â–â–â–<br />10 to 2,130",29.87,10.0,416,0,3017,21.07,13.0,262,1,2128,137.36,124.0,275,33,â–‚â–â–ƒâ–„â–â–†â–…â–…â–‚â–ˆ<br />33 to 275,0.67,0.31,7.83,0.05,67.48,â–ˆâ–…â–‚â–â–‚â–â–â–â–â–<br />0 to 8,2021-02-15,2016-06-24,2021-10-04,2021-02-08,2021-10-04,2016-07-05,MIOTA,iota
29,storj,"storj/storj,storj/drpc,storj/storjshare-gui,storj/core,storj/storjshare-daemon","Ongoing Storj v3 development. Decentralized cloud object storage that is affordable, easy to use, private, and secure.",30,164.93,23.5,2005,10,4948,"â–ˆâ–„â–‚â–‚â–â–â–‚â–â–â–<br />10 to 2,005",33.9,14.5,305,1,1017,29.83,27.0,114,4,895,210.03,235.5,377,49,â–‚â–â–‚â–ƒâ–‚â–‚â–ƒâ–„â–ˆâ–‚<br />49 to 377,0.91,0.12,10.96,0.04,27.43,â–ˆâ–ƒâ–â–‚â–â–â–â–â–â–<br />0 to 11,2020-10-23,2014-07-15,2021-10-04,2020-04-18,2021-10-04,2017-09-02,STORJ,storj
30,steemit,"steemit/steem,steemit/condenser,steemit/steem-js,steemit/steem-python,steemit/devportal",The blockchain for Smart Media Tokens (SMTs) and decentralized applications.,13,263.77,41.0,1907,10,3429,"â–†â–ˆâ–†â–ƒâ–ƒâ–ƒâ–â–†â–â–ƒ<br />10 to 1,907",145.38,48.0,779,12,1890,53.54,33.0,235,12,696,230.31,238.0,288,140,â–ƒâ–â–â–„â–â–â–„â–ˆâ–ƒâ–†<br />140 to 288,0.96,0.22,6.6,0.07,12.5,â–ˆâ–ƒâ–‚â–â–ƒâ–â–â–â–â–‚<br />0 to 7,2019-01-25,2016-03-23,2021-10-01,2019-05-26,2021-08-06,2018-03-20,STEEM,steem
31,raiden-network,"raiden-network/raiden,raiden-network/microraiden,raiden-network/raiden-token,raiden-network/raiden-contracts,raiden-network/workshop",Raiden Network,9,262.56,25.0,1815,11,2363,"â–†â–ˆâ–†â–â–â–â–ƒâ–â–â–ƒ<br />11 to 1,815",70.11,20.0,382,6,631,39.0,17.0,190,4,351,179.89,153.0,296,113,â–„â–„â–ˆâ–„â–â–„â–„â–„â–â–„<br />113 to 296,0.99,0.18,6.12,0.08,8.92,â–ˆâ–â–â–â–‚â–â–â–â–â–‚<br />0 to 6,2019-08-06,2016-01-29,2021-10-02,2019-06-06,2021-10-04,2017-11-14,RDN,raiden-network-token
32,nucypher,"nucypher/zerodb,nucypher/nucypher,nucypher/nufhe,nucypher/pyUmbral,nucypher/zerodb-server","*This project is no longer actively maintained. If you'd like to become the maintainer, please let us know.* ZeroDB is an end-to-end encrypted database. Data can be stored and queried on untrusted database servers without ever exposing the encryption key. Clients can execute remote queries against the encrypted data without downloading all of it or suffering an excessive performance hit.",19,167.95,26.0,1567,10,3191,"â–…â–ˆâ–ƒâ–‚â–â–‚â–‚â–ƒâ–â–‚<br />10 to 1,567",29.05,7.0,235,1,552,15.79,9.0,83,4,300,197.21,197.0,304,62,â–‚â–‚â–â–â–‚â–‚â–„â–ˆâ–ƒâ–„<br />62 to 304,0.71,0.18,5.15,0.05,13.46,â–ˆâ–‚â–â–â–‚â–‚â–‚â–â–â–‚<br />0 to 5,2020-07-28,2015-12-06,2021-10-01,2020-02-23,2021-09-30,2015-08-30,NU,nucypher
33,tharsis,"tharsis/ethermint,tharsis/evmos","Ethermint is a scalable and interoperable Ethereum library, built on Proof-of-Stake with fast-finality using the Cosmos SDK.",2,1006.5,1006.5,1505,508,2013,"â–ˆâ–â–â–â–â–â–â–â–â–ˆ<br />508 to 1,505",104.5,104.5,142,67,209,387.5,387.5,473,302,775,12.5,12.5,24,1,â–ˆâ–â–â–â–â–â–â–â–â–ˆ<br />1 to 24,284.8,284.8,508.0,61.61,569.61,â–ˆâ–â–â–â–â–â–â–â–â–ˆ<br />62 to 508,2021-09-28,2021-04-17,2021-10-04,2021-10-04,2021-10-04,2021-10-04,,
34,dashpay,"dashpay/dash,dashpay/dash-roadmap,dashpay/dips,dashpay/p2pool-dash,dashpay/electrum-dash-old",Dash - Reinventing Cryptocurrency,17,109.71,31.0,1408,10,1865,"â–†â–ƒâ–ˆâ–ƒâ–â–â–â–â–â–‚<br />10 to 1,408",117.53,51.0,1144,9,1998,28.65,14.0,215,10,487,300.47,285.0,387,197,â–‚â–‚â–‚â–‚â–…â–„â–„â–‚â–â–ˆ<br />197 to 387,0.31,0.12,3.63,0.03,5.29,â–ˆâ–‚â–â–â–â–â–â–â–â–‚<br />0 to 4,2017-12-20,2014-05-01,2021-10-01,2019-02-11,2021-09-27,2014-10-07,DASH,dash
35,0xproject,"0xProject/0x-monorepo,0xProject/OpenZKP,0xProject/0x-launch-kit,0xProject/0x-mesh,0xProject/0x-api",0x protocol monorepo - includes our smart contracts and many developer tools,26,141.27,80.5,1367,10,3673,"â–‡â–‚â–ˆâ–â–‡â–‡â–ƒâ–‚â–â–‚<br />10 to 1,367",81.08,48.5,478,4,2108,16.31,12.0,84,3,424,155.69,149.5,243,50,â–ƒâ–â–‚â–â–†â–‚â–‡â–ƒâ–‡â–ˆ<br />50 to 243,0.88,0.5,6.0,0.05,22.95,â–ˆâ–‚â–…â–‚â–ƒâ–â–‚â–â–â–‚<br />0 to 6,2020-10-20,2017-02-02,2021-10-04,2020-11-10,2021-10-04,2018-01-11,ZRX,0x
36,vergecurrency,"vergecurrency/verge,vergecurrency/vergecurrency.com,vergecurrency/nodejs-verge,vergecurrency/Verge-Blackpaper,vergecurrency/vIOS",Official Verge Core Source Code Repository :muscle:,12,147.17,34.0,1349,10,1766,"â–ˆâ–ƒâ–ˆâ–ˆâ–ƒâ–â–â–â–â–ƒ<br />10 to 1,349",60.75,18.0,398,3,729,36.75,12.5,282,4,441,246.08,259.5,297,156,â–ƒâ–â–â–‚â–‚â–ƒâ–â–â–â–ˆ<br />156 to 297,0.53,0.12,4.54,0.05,6.3,â–ˆâ–ƒâ–â–â–â–â–â–â–â–‚<br />0 to 5,2018-10-05,2016-01-23,2021-10-04,2019-05-04,2021-10-03,2018-01-07,XVG,verge
37,graphprotocol,"graphprotocol/graph-node,graphprotocol/graph-cli,graphprotocol/contracts,graphprotocol/graph-ts,graphprotocol/indexer",Graph Node indexes data from blockchains such as Ethereum and serves it over GraphQL,24,98.38,22.0,1301,10,2361,"â–ˆâ–†â–ƒâ–ƒâ–ƒâ–„â–â–â–â–‚<br />10 to 1,301",36.29,19.5,324,0,871,18.96,15.0,70,3,455,122.0,131.5,185,49,â–…â–‚â–‚â–â–…â–‚â–„â–‡â–‡â–ˆ<br />49 to 185,0.68,0.23,7.2,0.06,16.2,â–ˆâ–â–ƒâ–â–â–â–â–â–â–<br />0 to 7,2020-10-26,2018-03-20,2021-10-04,2021-02-26,2021-09-30,2019-02-13,GRT,the-graph
38,iotexproject,"iotexproject/iotex-core,iotexproject/iotex-explorer,iotexproject/halogrants,iotexproject/iotex-bootstrap,iotexproject/iotex-did",Official implementation of IoTeX blockchain protocol in Go.,11,153.91,32.0,1289,10,1693,"â–ˆâ–ƒâ–†â–ˆâ–â–ƒâ–â–â–â–ƒ<br />10 to 1,289",41.27,17.0,260,1,454,21.91,14.0,98,7,241,113.18,127.0,180,18,â–„â–â–â–â–â–â–ƒâ–ƒâ–ˆâ–†<br />18 to 180,1.12,0.44,7.13,0.08,12.27,â–ˆâ–†â–„â–â–ƒâ–â–â–â–â–ƒ<br />0 to 7,2021-05-28,2018-04-19,2021-10-04,2021-06-03,2021-10-04,2021-06-03,IOTX,iotex
39,sigp,"sigp/lighthouse,sigp/solidity-security-blog,sigp/lighthouse-metrics,sigp/beacon-fuzz,sigp/discv5",Rust Ethereum 2.0 Client,10,192.5,27.5,1276,16,1925,"â–ˆâ–‚â–â–„â–â–â–â–‚â–â–‚<br />16 to 1,276",45.6,17.5,279,4,456,15.6,6.5,61,2,156,136.4,139.0,184,75,â–ƒâ–â–ƒâ–ƒâ–â–†â–â–â–†â–ˆ<br />75 to 184,1.22,0.31,7.52,0.1,12.24,â–ˆâ–‚â–„â–â–â–‚â–â–â–â–‚<br />0 to 8,2020-04-27,2018-03-25,2021-10-04,2020-02-01,2021-09-16,2018-04-21,,
40,harmony-one,"harmony-one/harmony,harmony-one/sdk,harmony-one/bounties,harmony-one/chrome-extension-wallet,harmony-one/harmony-ops",The core protocol of harmony,23,77.74,21.0,1261,11,1788,"â–ˆâ–†â–…â–‚â–â–â–â–â–â–‚<br />11 to 1,261",25.13,17.0,194,1,578,18.0,15.0,94,4,414,103.3,108.0,176,32,â–„â–â–„â–„â–‚â–â–‡â–ˆâ–„â–ˆ<br />32 to 176,0.59,0.24,7.16,0.11,13.58,â–ˆâ–ƒâ–â–â–â–â–â–â–â–<br />0 to 7,2021-02-19,2018-05-22,2021-10-04,2021-02-24,2021-10-02,2018-12-30,ONE,harmony
41,ethereumjs,"ethereumjs/ethereumjs-monorepo,ethereumjs/ethereumjs-wallet,ethereumjs/ethereumjs-tx,ethereumjs/ethereumjs-util,ethereumjs/keythereum",Monorepo for the Ethereum VM TypeScript Implementation,34,177.21,55.0,1183,10,6025,"â–ˆâ–ƒâ–„â–…â–ƒâ–‚â–ƒâ–â–„â–<br />10 to 1,183",67.24,29.5,377,3,2286,29.26,25.5,73,3,995,298.38,307.5,395,171,â–ƒâ–â–‚â–‚â–â–ƒâ–†â–ˆâ–ƒâ–ƒ<br />171 to 395,0.56,0.17,3.63,0.03,19.13,â–ˆâ–ƒâ–â–‚â–‚â–â–‚â–â–â–<br />0 to 4,2018-06-25,2014-03-05,2021-10-04,2020-04-22,2021-10-04,2016-06-09,,
42,qtumproject,"qtumproject/qtum,qtumproject/qtum-electrum,qtumproject/x86lib,qtumproject/solar,qtumproject/qtumjs",Qtum Core Wallet,17,91.35,25.0,1123,10,1553,"â–ˆâ–†â–ƒâ–†â–â–â–â–â–â–‚<br />10 to 1,123",51.35,35.0,353,5,873,23.47,13.0,194,4,399,214.35,213.0,245,186,â–„â–ƒâ–†â–ƒâ–ˆâ–â–ƒâ–â–„â–†<br />186 to 245,0.4,0.11,4.69,0.05,6.72,â–ˆâ–â–â–â–â–â–â–â–â–<br />0 to 5,2018-03-07,2017-01-18,2021-10-02,2018-01-23,2021-09-28,2017-04-03,QTUM,qtum
43,minaprotocol,"MinaProtocol/mina,MinaProtocol/gpu-groth16-prover-3x,MinaProtocol/snark-challenge,MinaProtocol/mina-grants,MinaProtocol/snark-challenge-prover-reference","Mina is a new cryptocurrency with a constant size blockchain, improving scaling while maintaining decentralization and security.",5,242.0,26.0,1119,11,1210,"â–ˆâ–„â–„â–â–â–â–â–â–â–„<br />11 to 1,119",64.8,20.0,237,8,324,29.6,21.0,79,3,148,135.6,121.0,198,112,â–ˆâ–„â–„â–â–â–â–â–â–â–„<br />112 to 198,1.28,0.2,5.65,0.09,6.4,â–ˆâ–ƒâ–â–â–â–â–â–â–â–ƒ<br />0 to 6,2019-08-13,2017-12-18,2021-10-03,2020-06-01,2021-09-29,2019-07-09,MINA,mina
44,wavesplatform,"wavesplatform/Waves,wavesplatform/WavesGUI,wavesplatform/WavesExplorerLite,wavesplatform/gowaves,wavesplatform/WavesWallet-android",â›“ï¸ Reference Waves Blockchain Node (client) implementation on Scala,26,84.54,26.5,1112,10,2198,"â–ˆâ–…â–‡â–„â–‚â–â–â–‚â–â–‚<br />10 to 1,112",45.04,22.0,394,3,1171,22.73,10.5,196,4,591,179.19,170.0,286,93,â–ƒâ–â–ƒâ–ƒâ–ˆâ–‡â–†â–‚â–â–†<br />93 to 286,0.35,0.16,3.9,0.06,9.21,â–ˆâ–ƒâ–â–â–â–â–â–â–â–<br />0 to 4,2019-12-23,2016-04-07,2021-10-04,2020-04-07,2021-10-04,2016-06-27,WAVES,waves
45,sushiswap,"sushiswap/sushiswap,sushiswap/sushiswap-legacy-frontend,sushiswap/sushiswap-interface,sushiswap/shoyu,sushiswap/bentobox",Sushiswap smart contracts ğŸ£ ğŸ“,20,109.8,41.5,1100,10,2196,"â–ˆâ–†â–†â–†â–„â–ˆâ–â–â–â–ƒ<br />10 to 1,100",120.55,45.0,893,0,2411,14.3,11.5,90,1,286,39.45,44.5,58,2,â–‚â–‚â–â–â–â–â–‚â–‚â–„â–ˆ<br />2 to 58,2.96,1.53,18.92,0.29,59.14,â–ˆâ–ƒâ–ƒâ–ƒâ–‚â–…â–‚â–â–â–‚<br />0 to 19,2021-09-21,2020-08-24,2021-10-04,2021-08-18,2021-10-03,2020-09-09,SUSHI,sushiswap
46,pancakeswap,"pancakeswap/pancake-frontend,pancakeswap/pancake-farm,pancakeswap/pancake-swap-interface-v1,pancakeswap/pancake-swap-core,pancakeswap/pancake-info-api",":pancakes: Pancake main features (farms, pools, IFO, lottery, profiles)",18,150.11,65.5,1053,10,2702,"â–ƒâ–â–‚â–ˆâ–ƒâ–„â–ƒâ–‚â–â–‚<br />10 to 1,053",343.39,201.0,1673,75,6181,12.11,7.5,59,2,218,44.89,50.5,55,23,â–ƒâ–â–â–ƒâ–‚â–â–â–‚â–ƒâ–ˆ<br />23 to 55,3.16,1.46,19.1,0.29,56.93,â–„â–ˆâ–‡â–â–„â–‡â–â–â–â–‚<br />0 to 19,2021-04-22,2020-09-14,2021-10-04,2021-06-15,2021-10-04,2020-09-23,CAKE,pancakeswap
47,zilliqa,"Zilliqa/Zilliqa,Zilliqa/scilla,Zilliqa/Zilliqa-JavaScript-Library,Zilliqa/kaya,Zilliqa/ZRC",Zilliqa is the world's first high-throughput public blockchain platform - designed to scale to thousands â€‹of transactions per second.,16,102.31,21.5,1049,11,1637,"â–†â–ˆâ–‚â–â–‚â–â–‚â–â–â–‚<br />11 to 1,049",35.5,15.0,245,4,568,21.81,13.0,122,8,349,158.75,169.0,208,81,â–ƒâ–â–‚â–â–‚â–ƒâ–‚â–ƒâ–‚â–ˆ<br />81 to 208,0.56,0.14,5.33,0.08,8.95,â–ˆâ–â–‚â–‚â–â–â–â–â–â–‚<br />0 to 5,2020-03-12,2017-10-06,2021-10-03,2020-06-26,2021-10-01,2018-01-09,ZIL,zilliqa
48,holochain,"holochain/holochain-rust,holochain/holochain-proto,holochain/holochain,holochain/clutter,holochain/cryptographic-autonomy-license",DEPRECATED. The Holochain framework implemented in rust with a redux style internal state-model.,38,83.05,23.0,1039,10,3156,"â–ˆâ–†â–†â–‚â–‚â–â–â–â–‚â–‚<br />10 to 1,039",19.47,6.5,277,1,740,27.68,20.5,160,6,1052,150.74,163.0,249,18,â–‚â–â–â–‚â–‚â–‚â–‚â–„â–ˆâ–†<br />18 to 249,0.55,0.16,5.87,0.05,21.0,â–ˆâ–ƒâ–‚â–â–â–â–â–â–â–‚<br />0 to 6,2021-06-01,2016-12-23,2021-10-04,2018-12-17,2021-10-04,2017-11-27,HOT,holo
49,bitcoin-abc,"Bitcoin-ABC/bitcoin-abc,Bitcoin-ABC/ElectrumABC,Bitcoin-ABC/bitcoinabc.org",This a mirror of the official Bitcoin-ABC repository.  Please see README.md,3,350.33,17.0,1020,14,1051,"â–ˆâ–â–â–â–â–â–â–â–â–„<br />14 to 1,020",223.0,20.0,645,4,669,49.67,4.0,142,3,149,150.0,174.0,231,45,â–ˆâ–â–â–â–â–â–â–â–ˆâ–ˆ<br />45 to 231,1.62,0.38,4.41,0.08,4.87,â–ˆâ–ˆâ–â–â–â–â–â–â–â–ˆ<br />0 to 4,2020-11-23,2017-05-01,2021-10-03,2021-10-01,2021-10-03,2021-10-01,XEC,ecash
50,bittorrent,"bittorrent/libutp,bittorrent/bootstrap-dht,bittorrent/bittorrent.org,bittorrent/sqltorrent,bittorrent/scout",uTorrent Transport Protocol library,15,157.2,74.0,952,10,2358,â–ˆâ–ƒâ–ˆâ–â–ƒâ–ˆâ–†â–ƒâ–â–ƒ<br />10 to 952,34.2,14.0,233,0,513,40.8,28.0,129,8,612,412.67,331.0,623,273,â–ˆâ–ƒâ–†â–â–â–ƒâ–ƒâ–â–†â–„<br />273 to 623,0.34,0.13,1.6,0.03,5.1,â–ˆâ–ƒâ–‚â–‚â–ƒâ–â–‚â–â–â–‚<br />0 to 2,2016-07-12,2009-10-22,2021-09-26,2020-09-03,2020-05-01,2009-10-22,BTT,bittorrent
51,compound-finance,"compound-finance/compound-protocol,compound-finance/open-oracle,compound-finance/compound-js,compound-finance/gateway,compound-finance/compound-money-market",The Compound On-Chain Protocol,12,135.08,58.0,936,11,1621,â–ˆâ–ˆâ–„â–ˆâ–ˆâ–„â–„â–â–â–„<br />11 to 936,82.33,32.5,649,4,988,15.33,12.0,65,2,184,89.0,86.5,157,2,â–‚â–â–â–â–â–â–â–‡â–â–ˆ<br />2 to 157,2.31,0.78,11.42,0.13,27.71,â–ˆâ–„â–ƒâ–†â–â–â–â–â–ƒâ–ƒ<br />0 to 11,2021-09-16,2018-09-26,2021-10-03,2021-06-22,2021-09-30,2018-09-26,COMP,compound
52,gnosis,"gnosis/MultiSigWallet,gnosis/safe-contracts,gnosis/safe-react,gnosis/pm-contracts,gnosis/ethcontract-rs",Allows multiple parties to agree on transactions before execution. ,68,56.74,27.0,910,10,3858,â–ˆâ–…â–…â–…â–„â–â–â–â–â–<br />10 to 910,31.5,13.0,631,1,2142,7.99,6.5,51,2,543,147.34,164.0,240,9,â–â–â–â–â–‚â–‚â–ƒâ–‚â–‡â–ˆ<br />9 to 240,0.52,0.22,8.83,0.05,35.21,â–ˆâ–ƒâ–‚â–â–â–â–â–â–â–<br />0 to 9,2021-07-28,2017-02-22,2021-10-04,2018-09-18,2021-10-04,2017-11-27,GNO,gnosis-gno
53,aave,"aave/aave-protocol,aave/flashloan-box,aave/protocol-v2,aave/aave-js,aave/code-examples-protocol",Aave Protocol Version 1.0 - Decentralized Lending Pools,15,122.53,25.0,908,12,1838,â–‡â–ˆâ–‚â–„â–â–â–â–„â–â–‚<br />12 to 908,72.53,20.0,379,4,1088,13.33,7.0,95,2,200,61.53,44.0,137,5,â–‚â–â–â–‚â–â–‚â–ˆâ–‚â–…â–…<br />5 to 137,1.99,0.59,8.89,0.1,29.8,â–ˆâ–‡â–â–„â–â–â–‚â–‚â–‚â–‚<br />0 to 9,2021-08-26,2019-02-14,2021-10-04,2021-01-13,2021-09-30,2019-06-04,AAVE,aave
54,enzymefinance,"enzymefinance/oyente,enzymefinance/protocol,enzymefinance/melon,enzymefinance/melonjs,enzymefinance/enzyme-subgraph", An Analysis Tool for Smart Contracts ,6,208.0,27.5,902,11,1248,â–ˆâ–â–ƒâ–â–â–â–â–ƒâ–â–ƒ<br />11 to 902,55.5,11.0,211,4,333,24.83,15.0,55,7,149,183.0,209.0,261,59,â–ƒâ–â–â–ƒâ–â–â–â–ƒâ–â–ˆ<br />59 to 261,0.91,0.21,3.8,0.06,5.45,â–ˆâ–ƒâ–â–â–ƒâ–â–â–â–â–ƒ<br />0 to 4,2020-08-18,2016-10-03,2021-10-04,2021-03-05,2021-09-15,2019-01-28,MLN,enzyme
55,ravenproject,"RavenProject/Ravencoin,RavenProject/ravenproject.github.io,RavenProject/ravenwallet-ios,RavenProject/ravenwallet-android,RavenProject/rips",Ravencoin Core integration/staging tree,5,192.6,19.0,896,10,963,â–ˆâ–ˆâ–â–â–â–â–â–â–â–„<br />10 to 896,138.4,22.0,563,12,692,50.8,11.0,204,10,254,171.8,160.0,221,153,â–ˆâ–„â–â–„â–â–â–â–â–â–„<br />153 to 221,0.89,0.12,4.05,0.06,4.47,â–ˆâ–â–â–â–â–â–â–â–â–ƒ<br />0 to 4,2018-10-29,2017-07-09,2021-10-02,2021-07-31,2021-09-13,2021-04-06,RVN,ravencoin
56,nervosnetwork,"nervosnetwork/ckb,nervosnetwork/ckb-vm,nervosnetwork/rfcs,nervosnetwork/muta,nervosnetwork/minits","The Nervos CKB is a public permissionless blockchain, and the layer 1 of Nervos network.",41,62.2,24.0,886,10,2550,â–ˆâ–„â–†â–‚â–â–‚â–â–â–â–<br />10 to 886,20.37,13.0,163,0,835,13.61,10.0,66,2,558,112.71,114.0,192,25,â–â–â–‚â–‚â–â–ƒâ–‚â–†â–ˆâ–‚<br />25 to 192,0.5,0.23,5.9,0.08,20.59,â–ˆâ–ƒâ–‚â–‚â–‚â–â–â–â–â–<br />0 to 6,2021-04-09,2018-01-30,2021-10-03,2019-08-21,2021-10-02,2018-06-14,CKB,nervos-network
57,ewasm,"ewasm/design,ewasm/hera,ewasm/evm2wasm,ewasm/scout,ewasm/ewasm-rust-api",Ewasm Design Overview and Specification,21,77.62,19.0,878,10,1630,â–ˆâ–„â–‚â–„â–„â–‚â–â–â–â–‚<br />10 to 878,14.52,7.0,112,0,305,13.57,10.0,88,3,285,198.19,173.0,291,106,â–‚â–‚â–â–‚â–ˆâ–ƒâ–‚â–â–„â–„<br />106 to 291,0.33,0.11,3.01,0.04,6.87,â–ˆâ–ƒâ–‚â–‚â–â–â–â–â–â–‚<br />0 to 3,2019-09-24,2016-03-05,2021-10-02,2020-04-18,2021-07-26,2018-01-26,,
58,eyblockchain,"EYBlockchain/nightfall,EYBlockchain/nightfall_3,EYBlockchain/ZKPChallenge,EYBlockchain/starlight,EYBlockchain/timber",Nightfall protocols for private transactions on the Ethereum blockchain using zk-snarks,7,144.43,32.0,801,16,1011,â–ƒâ–ˆâ–â–ƒâ–â–â–â–â–â–ƒ<br />16 to 801,28.71,10.0,144,6,201,14.29,9.0,55,4,100,105.57,108.0,166,22,â–„â–â–â–â–„â–â–â–ˆâ–„â–ˆ<br />22 to 166,1.52,0.31,6.13,0.1,10.62,â–ˆâ–ƒâ–â–â–â–â–ƒâ–â–â–ƒ<br />0 to 6,2021-04-29,2018-07-30,2021-09-30,2021-06-20,2021-09-30,2019-06-03,,
59,projectopensea,"ProjectOpenSea/opensea-js,ProjectOpenSea/opensea-creatures,ProjectOpenSea/opensea-erc1155,ProjectOpenSea/embeddable-nfts,ProjectOpenSea/opensea-whitelabel",JavaScript SDK for the OpenSea marketplace. Let your users buy or sell cryptogoods on your own site!,11,193.0,78.0,795,10,2123,â–„â–ˆâ–â–„â–ˆâ–ˆâ–â–„â–â–ˆ<br />10 to 795,109.82,69.0,406,8,1208,12.82,7.0,43,1,141,140.09,133.0,187,88,â–†â–â–†â–â–â–†â–â–â–†â–ˆ<br />88 to 187,1.35,0.58,4.74,0.09,14.88,â–ˆâ–†â–ƒâ–â–†â–â–â–†â–â–ƒ<br />0 to 5,2020-01-28,2018-03-03,2021-10-04,2021-04-06,2021-09-02,2018-04-09,,
60,dapphub,"dapphub/dapptools,dapphub/dappsys,dapphub/dapple,dapphub/dapp,dapphub/ds-proxy","Dapp, Seth, Hevm, and more",29,107.41,32.0,770,10,3115,â–ˆâ–ˆâ–‡â–â–â–‡â–„â–ƒâ–‚â–‚<br />10 to 770,28.38,19.0,157,1,823,12.93,11.0,43,4,375,241.41,253.0,316,97,â–‚â–â–â–‚â–ƒâ–‚â–‚â–„â–ˆâ–…<br />97 to 316,0.49,0.13,4.45,0.04,14.26,â–ˆâ–â–ƒâ–â–‚â–â–â–â–â–<br />0 to 4,2019-11-21,2015-09-14,2021-10-04,2019-06-08,2021-09-23,2016-09-01,,
61,stratisproject,"stratisproject/StratisBitcoinFullNode,stratisproject/NStratis,stratisproject/Breeze,stratisproject/stratisX,stratisproject/StratisFullNode",Bitcoin full node in C#,18,75.83,21.5,766,10,1365,â–ˆâ–†â–ƒâ–ƒâ–ƒâ–‚â–â–â–â–‚<br />10 to 766,38.44,14.5,318,3,692,19.94,10.0,114,4,359,193.0,204.5,269,52,â–ƒâ–â–â–â–‚â–â–‚â–„â–‡â–ˆ<br />52 to 269,0.35,0.13,2.89,0.04,6.33,â–ˆâ–ƒâ–‚â–â–‚â–â–â–â–â–‚<br />0 to 3,2020-10-06,2016-08-06,2021-09-29,2020-11-20,2021-09-22,2016-12-10,STRAX,stratis
62,ontio,"ontio/ontology,ontio/documentation,ontio/OWallet,ontio/ontology-ts-sdk,ontio/ontology-java-sdk",Official Go implementation of the Ontology protocol. https://dev-docs.ont.io/#/,22,69.95,27.5,761,10,1539,â–ˆâ–„â–†â–‚â–„â–ƒâ–â–â–â–‚<br />10 to 761,39.09,19.0,311,2,860,16.59,10.5,119,5,365,176.45,183.0,184,142,â–â–â–â–â–â–‚â–â–â–â–ˆ<br />142 to 184,0.39,0.15,4.19,0.05,8.56,â–ˆâ–ƒâ–‚â–â–â–â–â–â–â–<br />0 to 4,2019-01-11,2018-03-22,2021-10-01,2021-01-08,2021-09-28,2018-04-20,ONT,ontology
63,aelfproject,"AElfProject/AElf,AElfProject/AElfDocs,AElfProject/aelf-boilerplate,AElfProject/aelf-wallet-ios,AElfProject/AElfWebsite-Angular",A scalable cloud computing blockchain platform,5,166.4,19.0,751,12,832,â–ˆâ–„â–„â–â–â–â–â–â–â–„<br />12 to 751,52.2,12.0,205,9,261,43.6,17.0,160,11,218,164.6,197.0,212,85,â–ƒâ–â–â–â–ƒâ–â–â–â–â–ˆ<br />85 to 212,0.86,0.17,3.73,0.06,4.3,â–ˆâ–â–â–â–â–â–â–â–â–ƒ<br />0 to 4,2020-02-18,2017-09-06,2021-10-01,2020-12-27,2021-08-30,2018-04-04,ELF,aelf
64,dfinity,"dfinity/ic,dfinity/motoko-base,dfinity/awesome-dfinity,dfinity/cancan,dfinity/examples",Internet Computer blockchain source: the client/replica software run by nodes,27,110.07,50.0,741,10,2972,â–ˆâ–…â–ˆâ–„â–„â–…â–…â–…â–â–‚<br />10 to 741,22.56,14.0,74,0,609,27.3,29.0,50,5,737,60.93,62.0,177,20,â–ˆâ–ƒâ–‚â–â–„â–†â–†â–„â–â–‚<br />20 to 177,2.96,0.91,34.81,0.14,79.93,â–ˆâ–ˆâ–„â–â–ƒâ–â–â–‚â–â–‚<br />0 to 35,2021-05-14,2018-05-11,2021-10-04,2021-07-19,2021-10-04,2021-03-04,ICP,internet-computer
65,bancorprotocol,"bancorprotocol/contracts-solidity,bancorprotocol/contracts_eos,bancorprotocol/webapp,bancorprotocol/sdk,bancorprotocol/translations",Bancor Protocol Contracts,5,179.8,29.0,728,14,899,â–ˆâ–„â–â–â–â–„â–â–â–â–„<br />14 to 728,90.0,39.0,324,22,450,19.8,8.0,57,7,99,157.6,158.0,241,60,â–„â–â–â–„â–â–â–„â–â–â–ˆ<br />60 to 241,0.89,0.48,3.01,0.06,4.43,â–ˆâ–â–„â–„â–â–â–â–â–â–„<br />0 to 3,2020-08-05,2017-02-15,2021-09-27,2021-08-02,2021-09-21,2017-07-20,BNT,bancor
66,vechain,"vechain/thor,vechain/thorify,vechain/thor-sync.electron,vechain/connex,vechain/grant-program",A general purpose blockchain highly compatible with Ethereum's ecosystem,21,56.43,20.0,701,10,1185,â–†â–ˆâ–„â–ƒâ–‚â–â–â–â–â–‚<br />10 to 701,27.43,17.0,196,4,576,16.86,9.0,156,4,354,138.9,148.0,218,22,â–‚â–â–â–â–‚â–‚â–‚â–ƒâ–ˆâ–ƒ<br />22 to 218,0.42,0.15,4.04,0.07,8.83,â–ˆâ–„â–â–â–â–‚â–â–â–â–‚<br />0 to 4,2021-04-28,2017-07-31,2021-10-02,2019-12-19,2021-09-24,2017-11-13,VTHO,vethor-token
67,elrondnetwork,"ElrondNetwork/elrond-go,ElrondNetwork/elrond-sdk,ElrondNetwork/elrond-wasm-rs,ElrondNetwork/arwen-wasm-vm,ElrondNetwork/elrond-ide-vscode","âš¡ Elrond-GO: The official implementation of the Elrond protocol, written in golang.",12,88.92,32.5,685,10,1067,â–ˆâ–†â–†â–ˆâ–â–ƒâ–â–â–â–ƒ<br />10 to 685,27.33,13.0,121,3,328,18.08,13.5,66,1,217,93.92,98.5,178,3,â–ƒâ–â–â–â–â–ƒâ–ƒâ–ƒâ–ˆâ–ˆ<br />3 to 178,1.07,0.43,4.19,0.08,12.78,â–„â–ˆâ–„â–â–‚â–â–â–â–â–„<br />0 to 4,2021-09-13,2018-05-07,2021-10-04,2021-02-11,2021-10-04,2018-11-21,EGLD,elrond-egld
68,algorand,"algorand/go-algorand,algorand/js-algorand-sdk,algorand/py-algorand-sdk,algorand/go-algorand-sdk,algorand/pyteal",Algorand's official implementation in Go. ,20,84.15,42.0,682,10,1683,â–ˆâ–ƒâ–„â–ˆâ–ˆâ–†â–ƒâ–â–â–ƒ<br />10 to 682,40.55,28.0,229,1,811,17.85,11.0,118,3,357,110.7,117.5,164,22,â–‚â–â–â–â–â–‚â–ƒâ–†â–ˆâ–…<br />22 to 164,0.85,0.46,5.64,0.08,17.09,â–ˆâ–„â–„â–„â–â–â–â–‚â–â–‚<br />0 to 6,2021-05-04,2018-08-13,2021-10-03,2021-07-11,2021-10-02,2019-01-25,ALGO,algorand
69,ethereum-optimism,"ethereum-optimism/optimism,ethereum-optimism/optimism-tutorial,ethereum-optimism/contracts,ethereum-optimism/smock,ethereum-optimism/optimistic-specs",Monorepo implementing the Optimistic Ethereum protocol,16,83.81,20.0,658,10,1341,â–‡â–ˆâ–‚â–„â–‚â–â–‚â–‚â–â–‚<br />10 to 658,28.25,10.0,202,0,452,8.69,4.0,54,3,139,50.81,52.5,88,1,â–‚â–â–‚â–â–â–â–â–ƒâ–ˆâ–†<br />1 to 88,2.52,0.41,10.82,0.15,40.33,â–ˆâ–â–ƒâ–â–â–‚â–â–‚â–‚â–ƒ<br />0 to 11,2021-09-24,2020-01-22,2021-10-04,2021-04-11,2021-10-01,2020-12-19,,
70,project-serum,"project-serum/anchor,project-serum/spl-token-wallet,project-serum/serum-dex,project-serum/serum-dex-ui,project-serum/awesome-serum",âš“ Solana Sealevel Framework,15,162.73,96.0,633,10,2441,â–â–â–ˆâ–ˆâ–â–ˆâ–ˆâ–â–â–ˆ<br />10 to 633,90.2,42.0,312,6,1353,12.27,8.0,35,4,184,45.6,50.0,60,20,â–„â–â–â–„â–â–â–‚â–â–ˆâ–ˆ<br />20 to 60,3.36,1.99,16.0,0.32,50.44,â–„â–ˆâ–â–†â–„â–ƒâ–ƒâ–ƒâ–â–ƒ<br />0 to 16,2021-05-13,2020-08-05,2021-10-04,2021-09-22,2021-10-03,2020-11-13,SRM,serum
71,originprotocol,"OriginProtocol/origin,OriginProtocol/origin-playground,OriginProtocol/dshop,OriginProtocol/origin-js,OriginProtocol/telegram-moderator",Monorepo for our developer tools and decentralized marketplace application,10,118.2,75.0,614,13,1182,â–†â–â–†â–â–ˆâ–ƒâ–ƒâ–â–â–ƒ<br />13 to 614,46.4,39.5,195,3,464,37.0,35.0,69,8,370,146.3,183.0,218,42,â–ƒâ–â–ƒâ–ƒâ–â–ƒâ–â–â–„â–ˆ<br />42 to 218,0.84,0.52,2.82,0.07,8.4,â–ˆâ–â–†â–†â–â–â–ƒâ–ƒâ–â–ƒ<br />0 to 3,2020-12-09,2017-08-01,2021-10-02,2020-07-01,2021-10-01,2018-10-12,OGN,origin-protocol
72,synthetixio,"Synthetixio/synthetix,Synthetixio/synthetix-exchange,Synthetixio/synthetix-mintr,Synthetixio/synthetix-js,Synthetixio/synpress",Synthetix Solidity smart contracts,14,81.5,34.0,613,10,1141,â–ˆâ–ˆâ–ƒâ–†â–ˆâ–ƒâ–â–â–â–ƒ<br />10 to 613,57.79,34.0,327,2,809,14.71,13.5,50,3,206,113.43,111.0,209,45,â–†â–†â–â–â–ƒâ–†â–ˆâ–ƒâ–ƒâ–†<br />45 to 209,0.61,0.33,3.05,0.05,8.6,â–ˆâ–‚â–ƒâ–„â–â–â–‚â–â–â–‚<br />0 to 3,2020-11-18,2017-09-28,2021-10-04,2021-03-05,2021-10-04,2017-12-21,SNX,synthetix-network-token
73,btcgpu,"BTCGPU/BTCGPU,BTCGPU/electrum",Current work on BTCGPU,2,313.0,313.0,609,17,626,â–ˆâ–â–â–â–â–â–â–â–â–ˆ<br />17 to 609,169.5,169.5,323,16,339,76.0,76.0,143,9,152,204.5,204.5,219,190,â–ˆâ–â–â–â–â–â–â–â–â–ˆ<br />190 to 219,1.43,1.43,2.78,0.09,2.87,â–ˆâ–â–â–â–â–â–â–â–â–ˆ<br />0 to 3,2018-02-13,2017-07-23,2021-10-02,2021-09-01,2021-04-11,2018-07-16,BTG,bitcoin-gold
74,decred,"decred/dcrd,decred/atomicswap,decred/decrediton,decred/dcrwallet,decred/gominer",Decred daemon in Go (golang).,33,81.52,32.0,605,10,2690,â–ˆâ–ƒâ–„â–‚â–„â–„â–‚â–‚â–â–‚<br />10 to 605,55.91,25.0,259,4,1845,20.39,15.0,84,8,673,218.39,223.0,302,65,â–‚â–â–â–ƒâ–‚â–‚â–ƒâ–„â–„â–ˆ<br />65 to 302,0.35,0.19,2.31,0.03,11.68,â–ˆâ–†â–â–‚â–â–â–â–â–â–‚<br />0 to 2,2020-07-03,2015-12-16,2021-10-03,2019-06-26,2021-10-04,2017-05-16,DCR,decred
75,rocket-pool,"rocket-pool/rocketpool,rocket-pool/smartnode-install,rocket-pool/smartnode,rocket-pool/rocketpool-research,rocket-pool/docs.rocketpool.net","A next generation decentralised Ethereum proof of stake network and pool, currently in beta and built to be compatible with Ethereum 2.0 and the Beacon Chain.",5,139.2,28.0,605,10,696,â–ˆâ–â–„â–„â–â–â–â–â–â–„<br />10 to 605,37.2,23.0,115,5,186,21.4,9.0,76,2,107,125.2,162.0,228,15,â–„â–â–â–â–„â–â–â–â–„â–ˆ<br />15 to 228,0.85,0.22,2.65,0.17,4.24,â–ˆâ–â–â–â–ƒâ–â–â–â–â–ƒ<br />0 to 3,2021-06-21,2017-05-19,2021-10-04,2021-09-24,2021-10-04,2021-08-03,RPL,rocket-pool
76,augurproject,"AugurProject/augur-core,AugurProject/augur-ui,AugurProject/augur,AugurProject/augur-app,AugurProject/augur.js",Augur back-end (Ethereum contracts),12,161.17,66.0,591,10,1934,â–†â–â–ˆâ–ƒâ–â–ƒâ–ƒâ–ƒâ–ƒâ–†<br />10 to 591,45.17,24.5,143,2,542,34.08,30.0,100,3,409,238.42,227.5,356,29,â–‚â–â–â–â–â–â–‚â–…â–„â–ˆ<br />29 to 356,0.65,0.35,2.09,0.04,7.84,â–ˆâ–ƒâ–†â–â–â–â–„â–â–ƒâ–ƒ<br />0 to 2,2021-03-12,2014-12-06,2021-10-03,2020-12-28,2021-10-03,2017-10-26,REP,augur
77,offchainlabs,"OffchainLabs/arbitrum,OffchainLabs/arbitrum-tutorials,OffchainLabs/arb-os,OffchainLabs/arb-token-bridge,OffchainLabs/demo-dapp-pet-shop","Powers fast, private, decentralized applications",5,144.8,47.0,577,16,724,â–ˆâ–â–„â–„â–â–â–â–â–â–„<br />16 to 577,65.2,16.0,283,5,326,33.4,7.0,138,6,167,82.6,86.0,124,9,â–„â–â–â–â–â–â–â–â–ˆâ–ˆ<br />9 to 124,2.55,0.57,6.67,0.13,12.74,â–ˆâ–„â–â–â–â–â–â–â–„â–„<br />0 to 7,2021-08-02,2019-05-16,2021-10-04,2021-09-20,2021-10-04,2021-05-20,,
78,w3f,"w3f/General-Grants-Program,w3f/Grants-Program,w3f/schnorrkel,w3f/polkadot-validator-setup,w3f/polkadot-wiki",Web3 Foundation General Grants Program,33,71.33,33.0,567,10,2354,â–ˆâ–ˆâ–„â–…â–„â–„â–„â–ƒâ–â–‚<br />10 to 567,68.0,15.0,689,3,2244,16.55,13.0,110,3,546,123.79,119.0,219,38,â–â–â–‚â–â–‚â–†â–ˆâ–‡â–†â–ƒ<br />38 to 219,0.56,0.24,3.35,0.06,18.5,â–ˆâ–„â–„â–ƒâ–â–ƒâ–â–â–‚â–‚<br />0 to 3,2021-01-08,2017-07-24,2021-10-04,2020-09-30,2021-10-03,2017-07-24,DOT,polkadot-new
79,omgnetwork,"omgnetwork/plasma-mvp,omgnetwork/ewallet,omgnetwork/elixir-omg,omgnetwork/plasma-cash,omgnetwork/plasma-contracts",OmiseGO's research implementation of Minimal Viable Plasma,18,90.5,27.0,558,10,1629,â–ˆâ–ƒâ–‚â–ƒâ–â–ƒâ–‚â–‚â–‚â–‚<br />10 to 558,27.78,12.0,157,2,500,19.33,11.5,96,2,348,158.89,185.0,206,21,â–‚â–â–â–â–‚â–â–‚â–â–‚â–ˆ<br />21 to 206,0.52,0.25,2.88,0.06,9.32,â–ˆâ–„â–ƒâ–ƒâ–â–‚â–‚â–â–â–‚<br />0 to 3,2021-05-10,2017-10-23,2021-10-04,2020-03-17,2021-10-03,2018-02-26,OMG,omg
80,makerdao,"makerdao/awesome-makerdao,makerdao/developerguides,makerdao/market-maker-keeper,makerdao/dss,makerdao/multicall","A collection of tools, documents, articles, blog posts, interviews, and videos related to MakerDAO and the Dai stablecoin. ",59,68.2,25.0,525,10,4024,â–ˆâ–†â–„â–„â–ƒâ–â–â–â–â–‚<br />10 to 525,33.93,16.0,229,2,2002,21.29,20.0,52,5,1256,156.63,163.0,317,13,â–‚â–â–â–â–ƒâ–‚â–‚â–…â–ˆâ–ƒ<br />13 to 317,0.48,0.25,3.43,0.03,28.53,â–ˆâ–†â–ƒâ–‚â–‚â–â–â–â–â–<br />0 to 3,2021-07-01,2015-09-03,2021-10-04,2021-05-07,2021-10-04,2017-05-07,MKR,maker
81,bitcoin-sv,"bitcoin-sv/bitcoin-sv,bitcoin-sv/merchantapi-reference,bitcoin-sv/docker-sv,bitcoin-sv/spvchannels-reference",Bitcoin SV (Satoshi Vision) is the original Bitcoin. This Github repository provides open-source software to enable use of Bitcoin SV.,4,132.75,12.5,496,10,531,â–ˆâ–â–â–â–â–â–â–â–â–ƒ<br />10 to 496,67.25,10.5,243,5,269,32.75,10.0,107,4,131,102.75,98.0,161,54,â–ˆâ–â–â–ˆâ–â–â–â–ˆâ–â–ˆ<br />54 to 161,0.88,0.17,3.06,0.1,3.51,â–ˆâ–â–â–â–â–â–â–â–â–ƒ<br />0 to 3,2020-09-18,2018-08-29,2021-10-01,2021-05-24,2021-07-02,2021-05-24,BSV,bitcoin-sv
82,curvefi,"curvefi/curve-contract,curvefi/curve-dao-contracts,curvefi/curve-pool-registry,curvefi/curve-crypto-contract,curvefi/curve-contract-polygon",Vyper contracts used in Curve.fi exchange pools.,15,64.2,21.0,480,10,963,â–ˆâ–ˆâ–„â–„â–ƒâ–â–â–ƒâ–â–ƒ<br />10 to 480,27.93,14.0,190,2,419,9.8,6.0,45,3,147,47.0,40.0,90,9,â–‚â–â–â–‚â–‚â–„â–ˆâ–â–‚â–‡<br />9 to 90,1.13,0.76,5.34,0.11,16.98,â–ˆâ–ˆâ–†â–ˆâ–†â–ƒâ–â–â–â–ƒ<br />0 to 5,2021-08-01,2020-01-14,2021-10-04,2021-07-03,2021-10-04,2020-09-02,CRV,curve-dao-token
83,orchidtechnologies,OrchidTechnologies/orchid,"Orchid: VPN, Personal Firewall",1,456.0,456.0,456,456,456,â–â–â–â–â–â–ˆâ–â–â–â–<br />456 to 456,71.0,71.0,71,71,71,53.0,53.0,53,53,53,111.0,111.0,111,111,â–â–â–â–â–â–ˆâ–â–â–â–<br />111 to 111,4.11,4.11,4.11,4.11,4.11,â–â–â–â–â–â–ˆâ–â–â–â–<br />4 to 4,2019-08-20,2019-08-20,2021-09-30,2021-09-30,2021-09-24,2021-09-24,OXT,orchid
84,conflux-chain,"Conflux-Chain/conflux-rust,Conflux-Chain/conflux-portal,Conflux-Chain/js-conflux-sdk,Conflux-Chain/open-cfxmine,Conflux-Chain/java-conflux-sdk",The Rust implementation of Conflux protocol.,11,63.27,19.0,450,10,696,â–ˆâ–†â–ƒâ–â–„â–â–â–â–â–ƒ<br />10 to 450,23.73,15.0,117,4,261,13.09,9.0,40,2,144,91.09,86.0,132,49,â–ƒâ–â–ƒâ–†â–â–†â–†â–â–â–ˆ<br />49 to 132,0.58,0.21,3.4,0.09,6.42,â–ˆâ–‚â–ƒâ–‚â–â–â–â–â–â–‚<br />0 to 3,2020-10-23,2019-03-24,2021-10-02,2021-06-27,2021-09-28,2020-12-09,CFX,conflux-network
85,arweaveteam,"ArweaveTeam/arweave,ArweaveTeam/arweave-js,ArweaveTeam/SmartWeave,ArweaveTeam/arweave-deploy,ArweaveTeam/Bounties",The Arweave server and App Developer Toolkit.,13,75.69,20.0,423,10,984,â–ˆâ–†â–â–ƒâ–ƒâ–„â–â–ƒâ–â–ƒ<br />10 to 423,25.92,17.0,92,6,337,12.31,8.0,50,3,160,108.85,127.0,217,10,â–‚â–â–â–„â–â–â–…â–â–ˆâ–„<br />10 to 217,0.66,0.53,1.94,0.05,8.53,â–ˆâ–†â–â–†â–†â–â–ƒâ–†â–â–ƒ<br />0 to 2,2021-07-23,2017-08-02,2021-10-04,2021-09-13,2021-10-02,2020-01-06,AR,arweave
86,nethermindeth,"NethermindEth/nethermind,NethermindEth/warp,NethermindEth/cortex","Our flagship .NET Core Ethereum client for Linux, Windows, MacOs - full and actively developed.",3,155.0,41.0,411,13,465,â–ˆâ–â–â–ˆâ–â–â–â–â–â–ˆ<br />13 to 411,43.67,5.0,123,3,131,12.0,5.0,27,4,36,110.0,105.0,214,11,â–ˆâ–â–â–â–â–â–â–ˆâ–â–ˆ<br />11 to 214,1.87,1.91,3.59,0.12,5.62,â–ˆâ–â–â–â–â–â–ˆâ–â–â–ˆ<br />0 to 4,2021-07-17,2017-08-23,2021-10-04,2021-09-15,2021-10-04,2019-12-06,,
87,deroproject,"deroproject/graviton,deroproject/derosuite,deroproject/dero,deroproject/derohe,deroproject/astrobwt",Graviton Database: ZFS for key-value stores.,7,110.57,38.0,403,10,774,â–„â–„â–„â–ˆâ–â–â–â–â–„â–„<br />10 to 403,21.71,12.0,87,4,152,15.57,14.0,49,1,109,133.29,165.0,199,41,â–ƒâ–ƒâ–â–â–ƒâ–â–â–â–ƒâ–ˆ<br />41 to 199,1.42,0.27,7.12,0.06,9.91,â–ˆâ–â–ƒâ–ƒâ–â–â–â–â–â–ƒ<br />0 to 7,2020-12-19,2017-12-06,2021-10-04,2021-06-14,2021-08-08,2018-04-12,DERO,dero
88,iexecblockchaincomputing,"iExecBlockchainComputing/iexec-sdk,iExecBlockchainComputing/iexec-dapps-registry,iExecBlockchainComputing/rlc-token,iExecBlockchainComputing/xtremweb-hep,iExecBlockchainComputing/iexec-worker",CLI and JS library allowing developers to easily interact with the iExec stack,15,46.8,19.0,400,11,702,â–ˆâ–ƒâ–„â–‚â–‚â–â–â–â–â–‚<br />11 to 400,11.33,3.0,62,0,170,13.6,12.0,40,4,204,199.33,198.0,249,158,â–ˆâ–ƒâ–ƒâ–ƒâ–†â–ƒâ–†â–ƒâ–â–ˆ<br />158 to 249,0.22,0.09,1.82,0.05,3.35,â–ˆâ–ƒâ–â–â–â–â–â–â–â–‚<br />0 to 2,2018-09-24,2016-12-26,2021-10-01,2018-12-14,2021-10-01,2018-02-16,RLC,rlc
89,livepeer,"livepeer/go-livepeer,livepeer/lpms,livepeer/wiki,livepeer/livepeerjs,livepeer/protocol",Official Go implementation of the Livepeer protocol,15,82.6,28.0,379,10,1239,â–ˆâ–†â–ƒâ–ƒâ–â–ƒâ–ƒâ–„â–ƒâ–ƒ<br />10 to 379,25.27,8.0,105,2,379,12.0,8.0,34,3,180,189.0,203.0,244,61,â–ƒâ–â–â–â–â–‚â–â–ƒâ–„â–ˆ<br />61 to 244,0.43,0.16,1.69,0.06,6.41,â–ˆâ–‚â–â–‚â–‚â–‚â–‚â–‚â–â–‚<br />0 to 2,2020-07-29,2017-01-27,2021-10-01,2020-10-20,2021-09-30,2017-08-17,LPT,livepeer
90,celo-org,"celo-org/celo-monorepo,celo-org/celo-blockchain,celo-org/optics-monorepo,celo-org/celo-bls-snark-rs,celo-org/celo-proposals",Official repository for core projects comprising the Celo platform,14,71.36,21.5,373,10,999,â–ˆâ–„â–„â–‚â–â–„â–â–â–â–„<br />10 to 373,37.57,11.0,242,1,526,28.93,30.0,66,1,405,88.0,94.5,184,24,â–‚â–„â–‚â–â–â–„â–‚â–ˆâ–‚â–‚<br />24 to 184,0.74,0.43,3.22,0.09,10.38,â–ˆâ–„â–‡â–â–â–â–‚â–‚â–â–‚<br />0 to 3,2021-04-20,2018-03-23,2021-10-04,2021-04-06,2021-10-03,2019-10-08,CELO,celo
91,nknorg,"nknorg/nkn,nknorg/nnet,nknorg/nkn-client-js,nknorg/nkn-sdk-js,nknorg/nkn-shell-daemon",Official Go implementation of NKN full node.,14,49.14,19.5,363,10,688,â–„â–ˆâ–ƒâ–â–‚â–‚â–â–â–â–‚<br />10 to 363,19.64,10.0,128,6,275,10.14,7.0,49,3,142,130.93,139.5,192,59,â–ƒâ–ƒâ–â–†â–ƒâ–ƒâ–ƒâ–ƒâ–ˆâ–ˆ<br />59 to 192,0.33,0.22,1.89,0.07,4.62,â–ˆâ–†â–ƒâ–‚â–â–â–â–â–â–‚<br />0 to 2,2020-08-18,2018-01-26,2021-10-01,2020-09-17,2021-09-14,2018-06-05,NKN,nkn
92,nemproject,"NemProject/nem.core,NemProject/NanoWallet,NemProject/NEMiOSApp,NemProject/NemCommunityClient,NemProject/NEMAndroidApp",org.nem.core package,11,81.18,22.0,337,13,893,â–ˆâ–„â–â–ƒâ–„â–â–â–â–â–„<br />13 to 337,29.82,23.0,130,1,328,29.18,20.0,93,1,321,308.36,327.0,373,189,â–‚â–â–â–‚â–‚â–â–â–‚â–ˆâ–„<br />189 to 373,0.27,0.11,1.11,0.04,2.96,â–ˆâ–„â–â–â–â–â–â–â–â–ƒ<br />0 to 1,2018-02-15,2014-08-12,2021-09-16,2018-09-10,2021-09-15,2015-05-11,XEM,nem
93,decentraland,"decentraland/marketplace,decentraland/dappeteer,decentraland/marketplace-legacy,decentraland/bronzeage-node,decentraland/districts",ğŸ›ï¸ Decentraland's NFT Marketplace,40,54.1,30.5,337,10,2164,â–ˆâ–‚â–†â–„â–„â–„â–„â–â–â–<br />10 to 337,23.0,12.0,194,2,920,23.15,23.5,47,5,926,172.48,180.5,333,34,â–â–â–â–â–‚â–‚â–‚â–ˆâ–‚â–‚<br />34 to 333,0.36,0.23,3.54,0.06,14.3,â–ˆâ–„â–ƒâ–â–â–â–â–â–â–<br />0 to 4,2021-02-08,2015-05-18,2021-10-04,2018-10-17,2021-10-04,2015-06-05,MANA,decentraland
94,requestnetwork,"RequestNetwork/requestNetwork,RequestNetwork/Request_SmartContracts,RequestNetwork/Request_App,RequestNetwork/RequestTokenSale,RequestNetwork/RequestVesting",A JavaScript library for interacting with the Request Network protocol,6,109.17,71.5,320,11,655,â–„â–â–â–â–„â–ˆâ–â–„â–â–„<br />11 to 320,14.83,7.5,47,2,89,21.83,16.0,44,7,131,206.5,206.0,220,196,â–„â–â–„â–„â–â–ˆâ–â–â–â–„<br />196 to 220,0.53,0.35,1.57,0.06,3.16,â–ƒâ–â–ˆâ–â–ƒâ–â–â–â–â–ƒ<br />0 to 2,2017-12-28,2017-07-17,2021-10-01,2021-03-22,2021-10-04,2018-02-05,REQ,request
95,erasureprotocol,"erasureprotocol/NMR,erasureprotocol/erasure-protocol",The Numeraire Ethereum Smart Contract,2,231.5,231.5,319,144,463,â–ˆâ–â–â–â–â–â–â–â–â–ˆ<br />144 to 319,41.0,41.0,59,23,82,33.0,33.0,47,19,66,184.0,184.0,241,127,â–ˆâ–â–â–â–â–â–â–â–â–ˆ<br />127 to 241,1.23,1.23,1.32,1.13,2.45,â–ˆâ–â–â–â–â–â–â–â–â–ˆ<br />1 to 1,2019-04-25,2017-02-21,2021-09-26,2021-07-26,2020-05-13,2020-03-26,,
96,dydxprotocol,"dydxprotocol/liquidator,dydxprotocol/solo,dydxprotocol/protocol_v1,dydxprotocol/perpetual,dydxprotocol/dydx-python",:robot::moneybag: Bot to automatically liquidate dYdX accounts,9,111.78,68.0,314,21,1006,â–„â–„â–â–ˆâ–„â–„â–â–„â–„â–„<br />21 to 314,39.67,28.0,103,9,357,18.11,16.0,30,12,163,123.0,125.0,219,38,â–„â–„â–â–â–„â–â–ˆâ–ˆâ–„â–„<br />38 to 219,0.97,0.73,2.51,0.12,8.71,â–ƒâ–ƒâ–â–ˆâ–ƒâ–â–†â–â–â–ƒ<br />0 to 3,2021-01-06,2017-07-20,2021-10-04,2021-06-21,2021-09-30,2019-05-18,DYDX,dydx
97,numerai,"numerai/example-scripts,numerai/numerox,numerai/submission-criteria,numerai/numerai-cli,numerai/numerapi",The official example scripts for the Numerai Data Science Tournament,6,114.5,81.0,314,21,687,â–„â–â–â–â–ˆâ–„â–„â–â–â–„<br />21 to 314,42.0,24.5,144,7,252,23.5,22.0,46,5,141,182.5,181.5,247,123,â–„â–â–„â–„â–â–â–â–ˆâ–â–„<br />123 to 247,0.57,0.49,1.27,0.13,3.41,â–„â–â–â–ˆâ–„â–„â–â–â–â–„<br />0 to 1,2019-05-22,2017-01-06,2021-10-03,2021-09-12,2021-09-30,2020-01-18,NMR,numeraire
98,arkecosystem,"ArkEcosystem/core,ArkEcosystem/desktop-wallet,ArkEcosystem/mobile-wallet,ArkEcosystem/deployer,ArkEcosystem/AIPs",The ARK Core Blockchain Framework. Check https://learn.ark.dev for more information.,11,76.09,22.0,303,10,837,â–ˆâ–†â–†â–â–ƒâ–â–ƒâ–â–â–†<br />10 to 303,72.82,31.0,305,10,801,17.18,13.0,47,4,189,203.27,196.0,255,154,â–†â–â–ƒâ–â–ˆâ–ƒâ–â–ƒâ–â–ˆ<br />154 to 255,0.35,0.09,1.5,0.06,3.86,â–ˆâ–‚â–â–‚â–â–â–â–â–‚â–‚<br />0 to 2,2018-10-19,2016-11-13,2021-10-01,2021-01-25,2021-10-01,2020-03-09,ARK,ark
99,helium,"helium/miner,helium/HIP,helium/airship,helium/plumtree,helium/blockchain-core",Miner for the helium blockchain,38,57.74,26.5,302,10,2194,â–…â–ˆâ–‡â–…â–ƒâ–„â–„â–â–‚â–„<br />10 to 302,30.16,11.5,199,2,1146,25.97,22.0,96,5,987,153.24,143.5,368,37,â–â–„â–‚â–ˆâ–‡â–„â–ˆâ–ˆâ–‚â–…<br />37 to 368,0.45,0.23,2.42,0.04,17.24,â–‡â–ˆâ–ƒâ–ƒâ–‚â–â–â–â–â–<br />0 to 2,2021-01-15,2014-09-15,2021-10-04,2020-11-20,2021-10-01,2015-04-15,HNT,helium
100,maticnetwork,"maticnetwork/contracts,maticnetwork/dagger.js,maticnetwork/matic.js,maticnetwork/bor,maticnetwork/pos-portal",Smart contracts comprising the business logic of the Matic Network,20,67.7,26.0,297,10,1354,â–„â–ˆâ–ƒâ–‚â–ƒâ–â–ƒâ–â–„â–‚<br />10 to 297,38.2,20.5,142,3,764,20.25,20.0,43,5,405,128.5,132.5,217,40,â–ƒâ–ƒâ–â–†â–ƒâ–„â–„â–†â–ˆâ–†<br />40 to 217,0.5,0.31,1.6,0.06,9.97,â–ˆâ–„â–‡â–‚â–â–â–‚â–‚â–‚â–ƒ<br />0 to 2,2020-12-23,2017-08-05,2021-10-04,2021-05-30,2021-10-04,2018-02-10,MATIC,polygon
101,polymathnetwork,"PolymathNetwork/polymath-core,PolymathNetwork/Polymesh,PolymathNetwork/polymath-token,PolymathNetwork/polymath-core-deprecated,PolymathNetwork/polymath.js-deprecated",Core Ethereum Smart Contracts for Polymath - The Securities Token Platform,10,66.5,23.0,296,10,665,â–ˆâ–†â–ƒâ–â–â–ƒâ–ƒâ–ƒâ–â–ƒ<br />10 to 296,26.6,14.0,124,4,266,37.5,36.5,73,11,375,178.0,186.5,200,131,â–ƒâ–â–ƒâ–â–ƒâ–â–â–â–†â–ˆ<br />131 to 200,0.38,0.12,1.58,0.05,3.79,â–ˆâ–â–‚â–‚â–â–â–‚â–â–â–‚<br />0 to 2,2019-04-01,2017-11-29,2021-09-30,2020-01-13,2021-09-30,2018-01-31,POLY,polymath-network
102,kava-labs,"Kava-Labs/kava,Kava-Labs/switch,Kava-Labs/kava-devnet,Kava-Labs/kava-testnets,Kava-Labs/ilp-sdk",DeFi for Crypto.,7,66.86,25.0,289,11,468,â–ˆâ–â–ˆâ–„â–â–„â–â–â–â–„<br />11 to 289,69.43,11.0,222,4,486,11.86,9.0,35,5,83,129.86,131.0,176,79,â–„â–â–â–â–„â–„â–ˆâ–â–„â–„<br />79 to 176,0.44,0.22,1.64,0.1,3.06,â–ˆâ–†â–â–ƒâ–â–â–â–â–â–ƒ<br />0 to 2,2020-03-30,2018-05-19,2021-10-03,2021-01-26,2021-10-01,2019-06-10,KAVA,kava
103,0xpolygon,0xPolygon/polygon-sdk,A Framework for Building Ethereum-compatible Blockchain Networks,1,278.0,278.0,278,278,278,â–â–â–â–â–â–ˆâ–â–â–â–<br />278 to 278,57.0,57.0,57,57,57,34.0,34.0,34,34,34,59.0,59.0,59,59,â–â–â–â–â–ˆâ–â–â–â–â–<br />59 to 59,4.67,4.67,4.67,4.67,4.67,â–â–â–â–â–â–ˆâ–â–â–â–<br />5 to 5,2020-08-14,2020-08-14,2021-10-04,2021-10-04,2021-09-20,2021-09-20,,
104,onflow,"onflow/flow-go,onflow/kitty-items,onflow/flow-nft,onflow/cadence,onflow/flow","A fast, secure, and developer-friendly blockchain built to support the next generation of games, apps, and the digital assets that power them.",18,122.89,89.0,275,17,2212,â–‡â–‚â–„â–‚â–â–„â–â–„â–‚â–ˆ<br />17 to 275,32.94,15.5,146,4,593,29.17,29.5,41,11,525,54.56,60.5,76,4,â–‚â–â–â–â–‚â–‚â–â–ƒâ–„â–ˆ<br />4 to 76,2.63,1.88,10.06,0.33,47.33,â–ˆâ–„â–„â–„â–ƒâ–ˆâ–â–ƒâ–ƒâ–ƒ<br />0 to 10,2021-09-03,2020-04-15,2021-10-04,2021-09-16,2021-10-04,2021-07-15,FLOW,flow
105,maidsafe,"maidsafe/sn_routing,maidsafe/parsec,maidsafe/qp2p,maidsafe/sn_browser,maidsafe/sn_node",Routing - specialised storage DHT,33,69.0,22.0,271,10,2277,â–ˆâ–‡â–ˆâ–â–â–â–‡â–‚â–„â–„<br />10 to 271,29.36,18.0,84,3,969,21.42,18.0,62,8,707,211.09,206.0,393,16,â–‚â–â–â–‚â–‚â–ƒâ–„â–…â–…â–ˆ<br />16 to 393,0.38,0.15,1.77,0.03,12.68,â–ˆâ–ƒâ–ƒâ–‚â–â–‚â–â–â–‚â–‚<br />0 to 2,2021-06-11,2014-03-19,2021-10-04,2020-05-05,2021-10-04,2015-06-09,MAID,maidsafecoin
106,enjin,"enjin/erc-1155,enjin/contracts,enjin/enjincraft,enjin/enjin-java-sdk,enjin/enjin-godot-sdk",ERC-1155: Smart Contract Sample Implementation,5,80.0,34.0,262,22,400,â–ˆâ–„â–â–„â–â–â–â–â–â–„<br />22 to 262,40.0,19.0,140,8,200,18.2,15.0,35,7,91,193.6,191.0,214,171,â–„â–â–â–â–ˆâ–â–â–„â–â–„<br />171 to 214,0.44,0.18,1.53,0.12,2.21,â–ˆâ–ƒâ–â–â–â–â–â–â–â–ƒ<br />0 to 2,2018-06-26,2017-08-23,2021-09-28,2021-06-30,2021-09-27,2017-11-02,ENJ,enjin-coin
107,hashgraph,"hashgraph/awesome-hashgraph,hashgraph/hedera-sdk-java,hashgraph/hedera-sdk-js,hashgraph/hedera-services,hashgraph/hedera-improvement-proposal",Hashgraph is a superior consensus mechanism / data structure alternative to blockchain.,17,62.06,42.0,258,10,1055,â–ˆâ–â–„â–ƒâ–ˆâ–„â–ƒâ–ƒâ–ƒâ–ƒ<br />10 to 258,27.24,24.0,80,2,463,19.0,15.0,50,8,323,110.35,101.0,205,49,â–„â–â–„â–„â–„â–ˆâ–ƒâ–â–„â–„<br />49 to 205,0.53,0.41,1.27,0.1,8.99,â–ˆâ–„â–„â–†â–ƒâ–â–â–ƒâ–„â–„<br />0 to 1,2020-10-23,2017-10-31,2021-10-03,2021-05-25,2021-10-02,2018-08-07,HBAR,hedera-hashgraph
108,trusttoken,"trusttoken/smart-contracts,trusttoken/truefi-spec,trusttoken/registry,trusttoken/TrustToken-smart-contracts",TrustToken smart contracts,4,73.25,19.0,241,14,293,â–ˆâ–„â–â–â–â–â–â–â–â–„<br />14 to 241,31.25,15.0,86,9,125,12.75,7.0,31,6,51,153.5,178.5,197,60,â–ƒâ–â–â–â–â–â–â–â–â–ˆ<br />60 to 197,0.44,0.24,1.22,0.08,1.78,â–ˆâ–â–â–„â–â–â–â–â–â–„<br />0 to 1,2020-08-09,2017-12-26,2021-10-02,2021-08-22,2021-10-04,2018-05-10,TUSD,trueusd
109,umaprotocol,"UMAprotocol/protocol,UMAprotocol/whitepaper,UMAprotocol/UMIPs,UMAprotocol/token-distribution,UMAprotocol/emp-tools",UMA Protocol Running on Ethereum,5,77.4,36.0,238,15,387,â–ˆâ–â–ˆâ–ˆâ–â–ˆâ–â–â–â–ˆ<br />15 to 238,94.2,80.0,222,7,471,19.0,18.0,30,11,95,95.6,78.0,167,32,â–ˆâ–â–â–â–ˆâ–ˆâ–â–â–ˆâ–ˆ<br />32 to 167,0.7,0.53,1.43,0.22,3.51,â–ˆâ–â–ˆâ–ˆâ–â–â–ˆâ–â–â–ˆ<br />0 to 1,2021-02-23,2018-07-24,2021-10-04,2021-09-10,2021-10-04,2020-06-29,UMA,uma
110,ethereumclassic,"ethereumclassic/explorer,ethereumclassic/ethereumclassic.github.io,ethereumclassic/ECIPs,ethereumclassic/etherwallet,ethereumclassic/faq",EthereumClassic Block Explorer,7,68.14,44.0,224,10,477,â–ˆâ–â–„â–â–„â–„â–â–„â–â–„<br />10 to 224,69.43,26.0,249,4,486,20.43,12.0,34,9,143,224.86,269.0,272,105,â–ƒâ–â–â–ƒâ–â–â–â–â–ƒâ–ˆ<br />105 to 272,0.29,0.16,0.83,0.04,2.03,â–ˆâ–„â–„â–â–â–ˆâ–â–â–â–„<br />0 to 1,2019-09-25,2016-07-15,2021-10-03,2021-05-03,2021-10-03,2018-12-09,ETC,ethereum-classic
111,gohornet,gohornet/hornet,HORNET is a powerful IOTA fullnode software,1,218.0,218.0,218,218,218,â–â–â–â–â–â–ˆâ–â–â–â–<br />218 to 218,102.0,102.0,102,102,102,18.0,18.0,18,18,18,95.0,95.0,95,95,â–â–â–â–â–â–ˆâ–â–â–â–<br />95 to 95,2.27,2.27,2.27,2.27,2.27,â–â–â–â–â–â–ˆâ–â–â–â–<br />2 to 2,2019-12-04,2019-12-04,2021-09-29,2021-09-29,2021-09-02,2021-09-02,,
112,openhive-network,"openhive-network/hive,openhive-network/hivemind,openhive-network/awesome-hive",Fast. Scalable. Powerful. The Blockchain for Web3,3,90.0,42.0,215,13,270,â–ˆâ–â–â–â–ˆâ–â–â–â–â–ˆ<br />13 to 215,39.67,31.0,78,10,119,14.0,5.0,33,4,42,55.33,62.0,80,24,â–ˆâ–â–â–â–â–â–â–ˆâ–â–ˆ<br />24 to 80,1.52,1.69,2.67,0.21,4.57,â–ˆâ–â–â–â–â–â–â–ˆâ–â–ˆ<br />0 to 3,2021-04-14,2020-03-20,2021-10-04,2021-07-06,2021-08-01,2021-06-16,HIVE,hive-blockchain
113,bandprotocol,"bandprotocol/bandchain,bandprotocol/band,bandprotocol/contracts,bandprotocol/pylibra,bandprotocol/chain",BandChain - Decentralized Data Delivery Network,7,77.86,62.0,212,13,545,â–ˆâ–â–ˆâ–ˆâ–â–ˆâ–ˆâ–ˆâ–â–ˆ<br />13 to 212,16.71,13.0,52,3,117,8.71,8.0,21,3,61,99.0,111.0,155,45,â–ƒâ–ƒâ–â–â–â–â–ƒâ–ˆâ–â–ƒ<br />45 to 155,0.78,0.57,2.22,0.21,5.49,â–ˆâ–â–ˆâ–„â–â–„â–â–â–â–„<br />0 to 2,2020-11-18,2018-10-10,2021-10-03,2021-04-26,2021-09-30,2019-07-15,BAND,band-protocol
114,phala-network,"Phala-Network/phala-blockchain,Phala-Network/phala-docs,Phala-Network/runtime-bridge,Phala-Network/apps-ng,Phala-Network/solo-mining-scripts","The Phala Network Blockchain, pRuntime and the bridge.",5,54.6,19.0,202,11,273,â–„â–ˆâ–„â–â–â–â–â–â–â–„<br />11 to 202,31.2,22.0,86,6,156,12.8,11.0,30,3,64,63.0,63.0,90,40,â–ˆâ–â–â–â–â–„â–â–â–„â–„<br />40 to 90,0.71,0.29,2.22,0.28,3.53,â–ˆâ–ƒâ–â–â–â–â–â–â–â–ƒ<br />0 to 2,2020-12-29,2020-01-08,2021-10-03,2021-08-26,2021-10-03,2020-12-28,PHA,phala-network
115,horizenofficial,"HorizenOfficial/zen,HorizenOfficial/zen_archived,HorizenOfficial/zencash-swing-wallet-ui,HorizenOfficial/Sidechains-SDK,HorizenOfficial/arizen",Horizen,23,44.04,19.0,185,10,1013,â–…â–ˆâ–ƒâ–â–ƒâ–ƒâ–ƒâ–ƒâ–‚â–‚<br />10 to 185,32.04,25.0,112,1,737,19.87,15.0,57,5,457,172.65,208.0,225,61,â–ƒâ–‚â–‚â–â–â–â–ƒâ–â–‚â–ˆ<br />61 to 225,0.26,0.2,0.95,0.05,6.01,â–ˆâ–‚â–„â–ƒâ–‚â–ƒâ–ƒâ–â–â–‚<br />0 to 1,2020-07-30,2017-06-08,2021-10-03,2020-04-20,2021-09-30,2017-07-19,ZEN,horizen
116,klaytn,"klaytn/klaytn,klaytn/caver-js,klaytn/caver-java,klaytn/klaytn-contracts",Official Go implementation of the Klaytn protocol,4,72.75,47.5,174,22,291,â–ˆâ–â–â–ˆâ–ˆâ–â–â–â–â–ˆ<br />22 to 174,36.5,30.5,67,18,146,12.25,8.0,25,8,49,98.75,120.0,121,34,â–ƒâ–â–â–â–â–â–â–â–â–ˆ<br />34 to 121,0.72,0.54,1.44,0.35,2.87,â–ˆâ–ˆâ–â–ˆâ–â–â–â–â–â–ˆ<br />0 to 1,2021-02-08,2019-06-11,2021-10-01,2021-09-16,2021-10-01,2021-06-15,KLAY,klaytn
117,celer-network,"celer-network/goCeler-oss,celer-network/cChannel-eth,celer-network/cBridge-node,celer-network/celer-light-client,celer-network/layer2-finance-contracts",Celer state channel network,11,37.82,24.0,168,10,416,â–ˆâ–†â–â–ˆâ–ƒâ–â–ƒâ–â–â–ƒ<br />10 to 168,6.55,6.0,16,3,72,12.55,13.0,21,5,138,111.36,138.0,171,12,â–‚â–â–â–‚â–â–â–‚â–‚â–‚â–ˆ<br />12 to 171,0.64,0.17,3.07,0.08,7.09,â–ˆâ–ƒâ–â–‚â–â–â–â–‚â–â–‚<br />0 to 3,2021-07-08,2018-06-25,2021-10-03,2020-09-01,2021-09-29,2019-01-25,CELR,celer-network
118,oasisprotocol,"oasisprotocol/oasis-core,oasisprotocol/ed25519,oasisprotocol/curve25519-voi,oasisprotocol/oasis-sdk,oasisprotocol/deoxysii-rust",Performant and Confidentiality-Preserving Smart Contracts + Blockchains,9,35.78,15.0,162,11,322,â–ˆâ–„â–â–ƒâ–â–ƒâ–â–â–â–ƒ<br />11 to 162,8.0,4.0,37,2,72,18.56,16.0,31,7,167,89.0,76.0,183,24,â–ƒâ–ƒâ–ƒâ–ƒâ–â–ƒâ–â–â–ˆâ–ƒ<br />24 to 183,0.41,0.36,0.88,0.1,3.67,â–ˆâ–â–â–†â–â–ƒâ–ƒâ–â–ƒâ–ƒ<br />0 to 1,2021-04-20,2018-03-31,2021-10-04,2021-07-25,2021-10-04,2020-05-27,ROSE,oasis-network
119,fantom-foundation,"Fantom-foundation/go-lachesis,Fantom-foundation/go-opera,Fantom-foundation/tokensale,Fantom-foundation/Fantom-PWA-Wallet,Fantom-foundation/lachesis-rs",aBFT consensus for permission-less networks,16,30.56,22.5,136,10,489,â–ˆâ–†â–ƒâ–„â–„â–†â–â–â–â–ƒ<br />10 to 136,22.88,13.0,106,5,366,10.94,8.5,23,5,175,96.19,83.0,176,2,â–‚â–â–â–â–â–ƒâ–â–„â–†â–ˆ<br />2 to 176,0.65,0.27,5.0,0.06,10.37,â–ˆâ–„â–„â–‚â–â–â–â–â–â–‚<br />0 to 5,2021-09-21,2018-05-16,2021-10-04,2021-09-04,2021-10-04,2019-07-05,FTM,fantom
120,swissborg,"SwissBorg/swissborg.github.io,SwissBorg/lithium,SwissBorg/sbci-token,SwissBorg/Business,SwissBorg/payment-forwarder",html pages for SwissBorg projects,8,90.12,98.0,135,19,721,â–ƒâ–â–â–â–ƒâ–â–ƒâ–â–†â–ˆ<br />19 to 135,17.12,13.0,48,4,137,56.5,68.5,113,7,452,176.5,198.0,229,72,â–ƒâ–â–â–ƒâ–â–â–â–â–ˆâ–„<br />72 to 229,0.55,0.51,1.13,0.1,4.44,â–„â–â–â–„â–ˆâ–„â–ˆâ–â–â–„<br />0 to 1,2020-05-13,2017-05-12,2021-09-30,2021-05-25,2021-09-30,2017-09-13,CHSB,swissborg
121,syscoin,"syscoin/syscoin,syscoin/blockmarket-desktop-public,syscoin/syscoin1,syscoin/sysethereum-contracts,syscoin/syscoin-api","Syscoin is a crypto currency that is universally merge-mineable and offers a unique variety of services including decentralized identities, asset token issuance platform capabilities directly on the blockchain and trustless 0-counterparty interoptibility with the Ethereum blockchain",5,43.6,30.0,131,13,218,â–ˆâ–â–â–ˆâ–â–â–â–â–â–„<br />13 to 131,28.6,24.0,59,14,143,27.4,24.0,53,5,137,279.2,292.0,370,136,â–„â–â–â–â–â–„â–â–„â–â–ˆ<br />136 to 370,0.16,0.1,0.45,0.04,0.8,â–„â–ˆâ–„â–â–â–â–â–â–â–„<br />0 to 0,2019-02-26,2014-09-01,2021-10-02,2019-09-20,2021-09-04,2018-03-20,SYS,syscoin
122,reef-defi,"reef-defi/reef-chain,reef-defi/reef-client,reef-defi/reef-docs",EVM compatible chain with NPoS/PoC consensus,3,50.67,22.0,118,12,152,â–ˆâ–â–ˆâ–â–â–â–â–â–â–ˆ<br />12 to 118,11.0,6.0,22,5,33,11.67,10.0,18,7,35,39.33,32.0,55,31,â–ˆâ–â–â–â–â–â–â–â–â–„<br />31 to 55,1.47,0.4,3.64,0.38,4.42,â–ˆâ–â–â–â–â–â–â–â–â–„<br />0 to 4,2021-02-24,2020-09-15,2021-09-30,2021-09-15,2021-09-20,2021-09-15,REEF,reef
123,constellation-labs,"Constellation-Labs/constellation,Constellation-Labs/whitepaper-technical",:milky_way::satellite: Decentralized Application Integration Platform,2,72.0,72.0,111,33,144,â–ˆâ–â–â–â–â–â–â–â–â–ˆ<br />33 to 111,21.0,21.0,32,10,42,24.0,24.0,36,12,48,197.5,197.5,200,195,â–ˆâ–â–â–â–â–â–â–â–â–ˆ<br />195 to 200,0.36,0.36,0.56,0.17,0.72,â–ˆâ–â–â–â–â–â–â–â–â–ˆ<br />0 to 1,2018-01-05,2017-12-05,2021-09-30,2020-09-18,2021-09-22,2018-10-01,DAG,constellation
124,eveybcd,"eveybcd/BitcoinDiamond,eveybcd/gpu-miner",Bitcoin Diamond Official Repo,2,58.0,58.0,106,10,116,â–ˆâ–â–â–â–â–â–â–â–â–ˆ<br />10 to 106,34.5,34.5,60,9,69,23.0,23.0,36,10,46,196.5,196.5,197,196,â–ˆâ–â–â–â–â–â–â–â–â–ˆ<br />196 to 197,0.29,0.29,0.54,0.05,0.59,â–ˆâ–â–â–â–â–â–â–â–â–ˆ<br />0 to 1,2018-01-02,2017-12-20,2021-06-05,2021-05-11,2019-04-30,2018-01-03,BCD,bitcoin-diamond
125,fei-protocol,fei-protocol/fei-protocol-core,Smart contract code for Fei Protocol,1,100.0,100.0,100,100,100,â–â–â–â–â–â–ˆâ–â–â–â–<br />100 to 100,49.0,49.0,49,49,49,20.0,20.0,20,20,20,40.0,40.0,40,40,â–â–â–â–â–â–ˆâ–â–â–â–<br />40 to 40,2.5,2.5,2.5,2.5,2.5,â–â–â–â–â–â–ˆâ–â–â–â–<br />2 to 2,2020-12-29,2020-12-29,2021-10-04,2021-10-04,2021-10-04,2021-10-04,FEI,fei-protocol
126,orbs-network,"orbs-network/go-scaffold,orbs-network/orbs-network-go,orbs-network/lean-helix-go,orbs-network/membuffers,orbs-network/dkg-on-evm",Scaffold starter project in Go for a micro services based server with thorough testing,12,27.0,17.0,99,10,324,â–ˆâ–ˆâ–ƒâ–ƒâ–ƒâ–ƒâ–ƒâ–â–â–ƒ<br />10 to 99,4.17,3.0,12,0,50,7.58,7.0,11,2,91,161.42,168.5,201,115,â–‚â–‚â–â–‚â–â–‚â–„â–ˆâ–â–‚<br />115 to 201,0.16,0.13,0.56,0.05,1.97,â–…â–ˆâ–‚â–‚â–‚â–â–â–â–â–‚<br />0 to 1,2019-07-21,2017-11-22,2021-10-01,2019-03-28,2021-08-11,2018-08-05,ORBS,orbs
127,tomochain,"tomochain/tomochain,tomochain/tomochain-v1,tomochain/tomomaster,tomochain/tomoscan,tomochain/erc20-crawler",The Efficient Blockchain Powered By Proof Of Stake Voting Consensus,20,27.15,17.5,96,10,543,â–ˆâ–ˆâ–‚â–„â–â–„â–…â–‚â–â–‚<br />10 to 96,20.4,12.5,97,2,408,10.15,10.0,22,4,203,140.35,158.0,190,52,â–„â–â–â–â–ƒâ–â–ƒâ–‚â–„â–ˆ<br />52 to 190,0.22,0.19,0.97,0.06,4.36,â–ˆâ–‚â–†â–ƒâ–‚â–â–â–â–â–‚<br />0 to 1,2020-10-01,2018-02-13,2021-09-30,2021-01-13,2021-09-29,2018-02-26,TOMO,tomochain
128,oceanprotocol,"oceanprotocol/barge,oceanprotocol/aquarius,oceanprotocol/market,oceanprotocol/ocean.py,oceanprotocol/ocean.js",ğŸ³ Docker Compose files for the full Ocean Protocol stack,17,37.12,25.0,95,10,631,â–ˆâ–â–â–ƒâ–â–â–â–â–â–„<br />10 to 95,16.59,9.0,77,0,282,14.65,15.0,26,4,249,121.47,151.0,188,44,â–ƒâ–â–â–†â–‚â–â–â–â–ƒâ–ˆ<br />44 to 188,0.37,0.32,1.16,0.06,6.34,â–ˆâ–…â–â–„â–„â–„â–‚â–â–‚â–‚<br />0 to 1,2020-11-27,2018-02-26,2021-10-04,2021-01-05,2021-10-04,2020-10-31,OCEAN,ocean-protocol
129,fetchai,"fetchai/agents-aea,fetchai/ledger,fetchai/docs,fetchai/ledger-archive,fetchai/agents-tac",A framework for autonomous economic agent (AEA) development,10,32.5,24.5,95,10,325,â–ƒâ–ˆâ–â–ƒâ–†â–ƒâ–â–â–ƒâ–ƒ<br />10 to 95,17.1,12.5,44,1,171,13.1,12.0,25,4,131,112.6,116.0,194,54,â–ˆâ–„â–â–„â–â–„â–ˆâ–„â–„â–„<br />54 to 194,0.29,0.23,0.86,0.11,2.88,â–†â–ˆâ–ƒâ–ˆâ–â–â–â–â–â–ƒ<br />0 to 1,2020-09-21,2018-01-15,2021-10-04,2021-09-07,2021-09-23,2019-05-29,FET,fetch
130,singnet,"singnet/dev-portal,singnet/platform-contracts,singnet/snet-cli,singnet/snet-daemon,singnet/wiki","The SingularityNET Developer Portal where you can find all our documentation, tutorials, and developer resources!",23,27.83,21.0,92,12,640,â–ˆâ–†â–„â–„â–ƒâ–ƒâ–â–â–ƒâ–‚<br />12 to 92,17.17,17.0,39,3,395,11.61,10.0,25,4,267,162.96,172.0,206,75,â–‚â–â–â–â–â–‚â–„â–„â–ˆâ–‚<br />75 to 206,0.17,0.13,0.6,0.08,3.88,â–ˆâ–†â–ƒâ–â–â–‚â–â–â–â–‚<br />0 to 1,2020-04-27,2017-10-18,2021-10-02,2019-10-15,2021-09-28,2018-05-29,AGIX,singularitynet
131,coti-io,"coti-io/coti-node,coti-io/coti-fullnode,coti-io/Whitepaper",Coti Development Node Repository,3,40.0,17.0,89,14,120,â–ˆâ–ˆâ–â–â–â–â–â–â–â–ˆ<br />14 to 89,6.67,6.0,14,0,20,6.0,6.0,8,4,18,151.0,160.0,184,109,â–ˆâ–â–â–â–â–â–â–ˆâ–â–ˆ<br />109 to 184,0.33,0.11,0.82,0.08,1.0,â–ˆâ–â–â–â–â–â–â–â–â–„<br />0 to 1,2019-09-03,2018-03-26,2021-10-03,2021-07-01,2021-09-28,2018-10-03,COTI,coti
132,skalenetwork,"skalenetwork/libBLS,skalenetwork/skale-network,skalenetwork/skaled,skalenetwork/skale-consensus,skalenetwork/sgxwallet","Solidity-compatible BLS signatures, threshold encryption, distributed key generation library in modern C++. Actively maintained and used by SKALE for consensus, distributed random number gen, inter-chain communication and protection of transactions. BLS threshold signatures can be verified in Solidity, and used as random beacon (common coin)",21,28.67,18.0,85,10,602,â–ˆâ–ˆâ–‚â–„â–‚â–‚â–„â–â–„â–„<br />10 to 85,6.76,3.0,21,0,142,6.81,6.0,13,4,143,117.38,129.0,139,19,â–â–â–â–â–â–â–â–â–‚â–ˆ<br />19 to 139,0.25,0.18,0.63,0.07,5.32,â–ˆâ–„â–„â–‚â–‚â–‚â–â–ƒâ–â–„<br />0 to 1,2021-05-24,2019-02-01,2021-10-04,2020-08-27,2021-10-04,2019-09-03,SKL,skale-network
133,nexofinance,nexofinance/NEXO-Token,Ethereum Smart Contract for NEXO ERC20 Token,1,78.0,78.0,78,78,78,â–â–â–â–â–â–ˆâ–â–â–â–<br />78 to 78,47.0,47.0,47,47,47,21.0,21.0,21,21,21,181.0,181.0,181,181,â–â–â–â–â–â–ˆâ–â–â–â–<br />181 to 181,0.43,0.43,0.43,0.43,0.43,â–â–â–â–â–ˆâ–â–â–â–â–<br />0 to 0,2018-04-17,2018-04-17,2021-10-01,2021-10-01,2018-04-20,2018-04-20,NEXO,nexo
134,worldwide-asset-exchange,"worldwide-asset-exchange/wax-blockchain,worldwide-asset-exchange/waxjs,worldwide-asset-exchange/defi,worldwide-asset-exchange/whitepaper,worldwide-asset-exchange/wax-system-contracts","Worldwide Asset eXchange (WAX/wax.io) is an eos compatible blockchain and protocol token designed to make e-commerce transactions faster, easier, and safer.",7,25.43,18.0,74,10,178,â–ˆâ–„â–„â–„â–â–„â–â–â–â–„<br />10 to 74,15.86,10.0,39,4,111,7.0,5.0,14,4,49,103.57,118.0,120,39,â–‚â–â–â–â–â–â–â–â–‚â–ˆ<br />39 to 120,0.27,0.16,0.61,0.08,1.89,â–ˆâ–ƒâ–â–â–ƒâ–â–â–â–ƒâ–ƒ<br />0 to 1,2021-01-05,2019-06-12,2021-09-30,2021-07-13,2021-08-23,2019-10-03,WAXP,wax
135,icon-project,"icon-project/loopchain,icon-project/iconex_chrome_extension,icon-project/icon-service,icon-project/icon-sdk-python,icon-project/t-bears",Blockchain engine for icon foundation.,24,23.96,18.0,72,10,575,â–„â–‡â–ˆâ–‚â–‚â–†â–ƒâ–‚â–â–‚<br />10 to 72,11.46,9.5,31,3,275,15.83,15.0,30,6,380,149.29,161.5,189,49,â–‚â–â–â–â–‚â–â–â–ƒâ–ˆâ–„<br />49 to 189,0.18,0.12,0.55,0.06,4.2,â–ˆâ–‡â–ƒâ–„â–„â–‚â–â–â–‚â–‚<br />0 to 1,2020-10-26,2018-02-20,2021-10-01,2020-02-11,2021-10-01,2018-06-22,ICX,icon
136,l2beat,l2beat/l2beat,,1,70.0,70.0,70,70,70,â–â–â–â–â–ˆâ–â–â–â–â–<br />70 to 70,32.0,32.0,32,32,32,6.0,6.0,6,6,6,27.0,27.0,27,27,â–â–â–â–â–â–ˆâ–â–â–â–<br />27 to 27,2.51,2.51,2.51,2.51,2.51,â–â–â–â–â–â–ˆâ–â–â–â–<br />3 to 3,2021-03-24,2021-03-24,2021-10-02,2021-10-02,2021-09-30,2021-09-30,,
137,energywebfoundation,"energywebfoundation/origin,energywebfoundation/energyweb-ui,energywebfoundation/ew-did-registry,energywebfoundation/paper,energywebfoundation/switchboard-dapp",Origin is a set of toolkits that together provide a system for issuance and management of Energy Attribute Certificates ,9,24.56,17.0,65,11,221,â–ˆâ–â–†â–ƒâ–ƒâ–â–â–ƒâ–â–ƒ<br />11 to 65,13.22,9.0,38,2,119,12.67,10.0,23,7,114,133.44,135.0,209,56,â–„â–„â–â–â–„â–„â–„â–„â–„â–ˆ<br />56 to 209,0.21,0.15,0.58,0.06,1.9,â–ˆâ–ƒâ–ƒâ–â–†â–ƒâ–â–â–â–ƒ<br />0 to 1,2020-09-07,2017-09-28,2021-10-04,2020-08-25,2021-10-04,2019-02-15,EWT,energy-web-token
138,cartesi,"cartesi/machine-solidity-step,cartesi/descartes,cartesi/machine-emulator,cartesi/docs,cartesi/arbitration-dlib",The on-chain implementation of the Cartesi Machine,11,19.82,15.0,65,10,218,â–ˆâ–†â–ˆâ–ƒâ–â–ƒâ–â–â–â–ƒ<br />10 to 65,2.82,2.0,6,0,31,7.55,7.0,11,5,83,90.45,87.0,118,40,â–‚â–â–â–â–…â–â–â–„â–â–ˆ<br />40 to 118,0.23,0.15,0.56,0.1,2.54,â–ˆâ–‚â–‚â–‚â–â–â–„â–â–â–‚<br />0 to 1,2020-12-24,2019-06-28,2021-10-03,2021-01-08,2021-10-01,2020-03-25,CTSI,cartesi
139,thorchain,"thorchain/asgardex-electron,thorchain/Resources,thorchain/THORChain-v1,thorchain/thornode,thorchain/bepswap-web-ui",ASGARDEX Electron App,7,32.29,29.0,65,10,226,â–ˆâ–â–„â–â–â–„â–â–„â–„â–„<br />10 to 65,15.57,12.0,29,2,109,10.29,7.0,20,4,72,107.0,79.0,166,64,â–„â–„â–ˆâ–â–â–â–„â–â–â–ˆ<br />64 to 166,0.32,0.25,0.85,0.08,2.24,â–„â–ˆâ–„â–„â–„â–â–â–â–â–„<br />0 to 1,2020-07-11,2018-07-28,2021-10-01,2021-05-09,2021-10-01,2018-12-23,RUNE,thorchain
140,digibyte-core,"DigiByte-Core/digibyte,DigiByte-Core/DigiByte-Pipeline",DigiByte Core 7.17.3 - CURRENT (5-12-2021) - 8.19.0 Development,2,37.5,37.5,59,16,75,â–ˆâ–â–â–â–â–â–â–â–â–ˆ<br />16 to 59,17.5,17.5,30,5,35,21.5,21.5,34,9,43,119.0,119.0,161,77,â–ˆâ–â–â–â–â–â–â–â–â–ˆ<br />77 to 161,0.29,0.29,0.37,0.21,0.57,â–ˆâ–â–â–â–â–â–â–â–â–ˆ<br />0 to 0,2020-04-12,2018-09-04,2021-09-23,2021-09-10,2021-07-29,2021-04-21,DGB,digibyte
141,kusamanetwork,"kusamanetwork/faucet,kusamanetwork/userguide,kusamanetwork/KSM-dapp",Frictional faucet for the Kusama Network.,3,32.33,26.0,58,13,97,â–ˆâ–â–â–â–ˆâ–â–â–â–â–ˆ<br />13 to 58,15.67,17.0,27,3,47,8.0,9.0,11,4,24,111.67,116.0,118,101,â–ˆâ–â–â–â–â–â–â–â–ˆâ–ˆ<br />101 to 118,0.3,0.22,0.57,0.11,0.9,â–ˆâ–â–ˆâ–â–â–â–â–â–â–ˆ<br />0 to 1,2019-10-24,2019-06-28,2021-09-28,2021-03-11,2020-07-28,2019-10-22,KSM,kusama
142,nearprotocol,"nearprotocol/NEARStudio,nearprotocol/stakewars,nearprotocol/near-runtime-ts,nearprotocol/assemblyscript-bson,nearprotocol/near-chess",IDE for building smart contracts on NEAR Protocol,5,32.8,22.0,55,14,164,â–„â–â–â–ˆâ–â–â–â–â–â–ˆ<br />14 to 55,58.0,6.0,265,0,290,20.6,25.0,28,4,103,134.6,139.0,152,103,â–„â–â–â–â–â–â–„â–„â–â–ˆ<br />103 to 152,0.25,0.16,0.49,0.11,1.27,â–„â–ˆâ–â–â–â–â–„â–â–â–„<br />0 to 0,2019-10-14,2018-11-06,2021-09-14,2020-07-02,2021-02-12,2020-02-29,NEAR,near-protocol
143,medibloc,"medibloc/go-medibloc,medibloc/panacea-core,medibloc/nestjs-request-context,medibloc/panacea-js-old,medibloc/explorer","Blockchain developed from MediBloc, using Go language.",5,27.6,18.0,54,15,138,â–ˆâ–„â–â–â–â–â–„â–â–â–„<br />15 to 54,7.2,5.0,18,1,36,16.4,16.0,32,5,82,138.4,171.0,186,40,â–ƒâ–â–â–â–â–â–ƒâ–â–â–ˆ<br />40 to 186,0.24,0.29,0.44,0.09,1.21,â–ˆâ–â–â–â–â–â–ˆâ–â–â–„<br />0 to 0,2020-12-24,2018-03-13,2021-10-01,2019-08-22,2021-09-27,2019-05-02,MED,medibloc
144,alphafinancelab,"AlphaFinanceLab/alpha-homora-v1-eth-contract,AlphaFinanceLab/alpha-homora-v2-contract,AlphaFinanceLab/alpha-lending-smart-contract,AlphaFinanceLab/alpha-homora-v1-bsc-contract",,4,26.5,21.0,51,13,106,â–ˆâ–ˆâ–â–â–â–ˆâ–â–â–â–ˆ<br />13 to 51,16.75,16.5,28,6,67,4.5,3.5,8,3,18,46.25,49.0,55,32,â–„â–â–â–â–â–â–„â–â–â–ˆ<br />32 to 55,0.55,0.49,0.95,0.29,2.22,â–ˆâ–â–ˆâ–â–ˆâ–â–â–â–â–ˆ<br />0 to 1,2021-02-22,2020-09-09,2021-09-18,2021-08-30,2021-07-09,2020-10-22,ALPHA,alpha-finance-lab
145,loopring,"Loopring/dexwebapp,Loopring/whitepaper,Loopring/protocol3-circuits,Loopring/hummingbot,Loopring/awesome-loopring",Public repository for user feedback and bug reports,9,28.0,28.0,46,16,252,â–ˆâ–„â–â–â–„â–„â–ˆâ–„â–â–„<br />16 to 46,13.44,6.0,44,3,121,11.89,9.0,29,1,107,99.33,78.0,223,56,â–ˆâ–ƒâ–ƒâ–ƒâ–â–ƒâ–ƒâ–â–â–ƒ<br />56 to 223,0.32,0.28,0.53,0.17,2.91,â–†â–ƒâ–â–ˆâ–â–â–â–â–ƒâ–†<br />0 to 1,2020-09-07,2017-06-22,2021-09-23,2021-05-13,2021-09-23,2018-09-09,LRC,loopring
146,bakeryproject,"BakeryProject/bakery-swap-core,BakeryProject/bakery-swap-dish,BakeryProject/bakery-swap-periphery",,3,26.33,19.0,45,15,79,â–ˆâ–â–ˆâ–â–â–â–â–â–â–ˆ<br />15 to 45,37.0,29.0,53,29,111,6.0,7.0,7,4,18,53.67,55.0,55,51,â–„â–â–â–â–â–â–â–â–â–ˆ<br />51 to 55,0.49,0.37,0.81,0.27,1.46,â–ˆâ–â–ˆâ–â–â–â–â–â–â–ˆ<br />0 to 1,2020-10-12,2020-09-13,2021-09-29,2021-08-09,2020-10-12,2020-09-13,BAKE,bakerytoken
147,amptoken,amptoken/amp-token-contracts,A digital collateral token designed to facilitate fast and efficient value transfer,1,41.0,41.0,41,41,41,â–â–â–â–â–ˆâ–â–â–â–â–<br />41 to 41,15.0,15.0,15,15,15,16.0,16.0,16,16,16,60.0,60.0,60,60,â–â–â–â–â–â–ˆâ–â–â–â–<br />60 to 60,0.68,0.68,0.68,0.68,0.68,â–â–â–â–â–â–ˆâ–â–â–â–<br />1 to 1,2020-08-10,2020-08-10,2021-09-27,2021-09-27,2020-12-04,2020-12-04,AMP,amp
148,quantnetwork,"quantnetwork/overledger-sdk-javascript,quantnetwork/quant-demo-application,quantnetwork/overledger-sdk-java,quantnetwork/overledger-network-gateway",Overledger software development kit for the JavaScript language.,4,16.5,11.0,34,10,66,â–ˆâ–„â–â–â–â–â–â–â–â–„<br />10 to 34,5.25,5.5,9,1,21,7.75,9.0,11,2,31,97.5,110.5,158,11,â–„â–â–â–â–â–â–„â–â–â–ˆ<br />11 to 158,0.36,0.18,1.02,0.06,1.46,â–ˆâ–ˆâ–ˆâ–â–â–â–â–â–â–ˆ<br />0 to 1,2021-07-15,2018-09-24,2021-09-24,2021-06-08,2021-07-23,2020-07-30,QNT,quant
149,xyoraclenetwork,"XYOracleNetwork/xyo-foundation,XYOracleNetwork/papers-xyonetwork,XYOracleNetwork/sdk-ble-android,XYOracleNetwork/sdk-ble-swift,XYOracleNetwork/dapp-scsc-solidity",XYO Foundation Source Code Map and Best Practices,5,20.2,19.0,32,12,101,â–ˆâ–â–ˆâ–â–ˆâ–â–ˆâ–â–â–ˆ<br />12 to 32,6.6,6.0,16,2,33,11.2,9.0,22,5,56,160.8,162.0,193,126,â–„â–â–â–â–â–ˆâ–„â–â–â–„<br />126 to 193,0.13,0.12,0.25,0.07,0.65,â–„â–„â–ˆâ–â–â–â–â–â–â–„<br />0 to 0,2019-05-01,2018-01-22,2021-09-22,2021-07-17,2021-09-14,2020-04-16,XYO,xyo
150,xinfinorg,"XinFinOrg/BlockDegree,XinFinOrg/XDPoSChain,XinFinOrg/XinFin-Node","Free Blockchain Course with Online Certification.. This exam comprises of theory and practical Question, to be completed within 45 minutes. The minimum passing score of the exam is above 60%. Upon passing of the exam, you will be entitled to receive a certification of competence, which will be added to the Xinfin blockchain. With the certificate on the blockchain, you will be able to check your immutable certificate using the transaction hash provided to you.",3,23.0,25.0,27,17,69,â–ˆâ–â–â–â–â–â–â–â–ˆâ–ˆ<br />17 to 27,21.0,17.0,31,15,63,7.67,7.0,13,3,23,144.0,144.0,148,140,â–ˆâ–â–â–â–â–ˆâ–â–â–â–ˆ<br />140 to 148,0.16,0.18,0.18,0.12,0.48,â–„â–â–â–â–â–â–â–â–â–ˆ<br />0 to 0,2019-01-25,2018-12-01,2021-09-29,2021-09-07,2021-09-25,2021-04-01,XDC,xinfin
151,immutable,"immutable/gods-unchained-api,immutable/platform-contracts,immutable/gu-composited-card",Public developer API documentation for Gods Unchained. ,3,20.67,25.0,27,10,62,â–„â–â–â–â–â–â–â–â–â–ˆ<br />10 to 27,6.0,4.0,11,3,18,11.67,12.0,16,7,35,124.67,111.0,161,102,â–ˆâ–ˆâ–â–â–â–â–â–â–â–ˆ<br />102 to 161,0.17,0.17,0.25,0.09,0.5,â–ˆâ–â–â–â–â–ˆâ–â–â–â–ˆ<br />0 to 0,2019-10-22,2018-09-04,2021-10-02,2021-08-24,2021-08-05,2019-07-01,IMX,immutable-x
152,celsiusnetwork,CelsiusNetwork/celsius-js-sdk,Celsius JavaScript SDK provides an easy and secure way to communicate with the Celsius API.,1,21.0,21.0,21,21,21,â–â–â–â–â–â–ˆâ–â–â–â–<br />21 to 21,19.0,19.0,19,19,19,11.0,11.0,11,11,11,148.0,148.0,148,148,â–â–â–â–â–â–ˆâ–â–â–â–<br />148 to 148,0.14,0.14,0.14,0.14,0.14,â–â–â–â–â–â–ˆâ–â–â–â–<br />0 to 0,2018-11-30,2018-11-30,2021-09-22,2021-09-22,2021-03-22,2021-03-22,CEL,celsius
153,injectivelabs,"InjectiveLabs/sdk-go,InjectiveLabs/metamask-extension","Tools to work with the Injective Chain, Injective EVM and EIP712.",2,14.0,14.0,17,11,28,â–ˆâ–â–â–â–â–â–â–â–â–ˆ<br />11 to 17,2.0,2.0,2,2,4,3.0,3.0,5,1,6,60.5,60.5,88,33,â–ˆâ–â–â–â–â–â–â–â–â–ˆ<br />33 to 88,0.26,0.26,0.33,0.19,0.52,â–ˆâ–â–â–â–â–â–â–â–â–ˆ<br />0 to 0,2021-02-11,2020-01-25,2021-10-03,2021-09-27,2021-09-27,2021-06-05,INJ,injective-protocol
154,ankr-network,"Ankr-network/dccn-common,Ankr-network/dccn-ui",gRPC protocol and constant values/functions for DCCN,2,16.0,16.0,16,16,32,â–â–â–â–â–â–ˆâ–â–â–â–<br />16 to 16,3.5,3.5,4,3,7,18.0,18.0,21,15,36,145.5,145.5,146,145,â–ˆâ–â–â–â–â–â–â–â–â–ˆ<br />145 to 146,0.11,0.11,0.11,0.11,0.22,â–ˆâ–â–â–â–â–â–â–â–â–ˆ<br />0 to 0,2018-12-20,2018-12-17,2021-09-27,2021-05-06,2021-09-24,2019-02-28,ANKR,ankr
155,reserve-protocol,"reserve-protocol/poke,reserve-protocol/rsr,reserve-protocol/rsv-v2",CLI tool for interacting with smart contracts,3,13.0,13.0,16,10,39,â–ˆâ–â–â–â–â–ˆâ–â–â–â–ˆ<br />10 to 16,2.33,2.0,3,2,7,5.67,6.0,8,3,17,121.33,123.0,124,117,â–ˆâ–â–â–â–â–â–â–â–ˆâ–ˆ<br />117 to 124,0.11,0.1,0.13,0.09,0.32,â–ˆâ–â–â–â–ˆâ–â–â–â–â–ˆ<br />0 to 0,2019-07-06,2019-05-15,2021-09-20,2021-09-08,2021-08-10,2020-07-20,RSR,reserve-rights
156,revain,Revain/Token,Source code for R token,1,14.0,14.0,14,14,14,â–â–â–â–â–â–ˆâ–â–â–â–<br />14 to 14,15.0,15.0,15,15,15,7.0,7.0,7,7,7,214.0,214.0,214,214,â–â–â–â–â–â–ˆâ–â–â–â–<br />214 to 214,0.07,0.07,0.07,0.07,0.07,â–â–â–â–â–â–ˆâ–â–â–â–<br />0 to 0,2017-08-26,2017-08-26,2021-08-31,2021-08-31,2017-09-13,2017-09-13,REV,revain
157,stormxio,stormxio/crowdsale,StormX crowdsale,1,14.0,14.0,14,14,14,â–â–â–â–â–â–ˆâ–â–â–â–<br />14 to 14,9.0,9.0,9,9,9,11.0,11.0,11,11,11,209.0,209.0,209,209,â–â–â–â–â–â–ˆâ–â–â–â–<br />209 to 209,0.07,0.07,0.07,0.07,0.07,â–â–â–â–â–â–ˆâ–â–â–â–<br />0 to 0,2017-10-01,2017-10-01,2021-05-05,2021-05-05,2017-12-05,2017-12-05,STMX,stormx
158,dydxfoundation,dydxfoundation/governance-contracts,,1,12.0,12.0,12,12,12,â–â–â–â–â–â–ˆâ–â–â–â–<br />12 to 12,2.0,2.0,2,2,2,2.0,2.0,2,2,2,9.0,9.0,9,9,â–â–â–â–â–â–ˆâ–â–â–â–<br />9 to 9,1.33,1.33,1.33,1.33,1.33,â–â–â–â–â–â–ˆâ–â–â–â–<br />1 to 1,2021-08-03,2021-08-03,2021-09-30,2021-09-30,2021-09-28,2021-09-28,DYDX,dydx
159,casperlabs,CasperLabs/contract-examples,WASM Contract Examples,1,11.0,11.0,11,11,11,â–â–â–â–â–â–ˆâ–â–â–â–<br />11 to 11,11.0,11.0,11,11,11,12.0,12.0,12,12,12,137.0,137.0,137,137,â–â–â–â–â–â–ˆâ–â–â–â–<br />137 to 137,0.08,0.08,0.08,0.08,0.08,â–â–â–â–â–ˆâ–â–â–â–â–<br />0 to 0,2019-02-15,2019-02-15,2021-10-02,2021-10-02,2019-10-25,2019-10-25,CSPR,casper
160,gatechain,gatechain/gatechain-docs,GateChain Documents,1,11.0,11.0,11,11,11,â–â–â–â–â–â–ˆâ–â–â–â–<br />11 to 11,4.0,4.0,4,4,4,10.0,10.0,10,10,10,105.0,105.0,105,105,â–â–â–â–â–â–ˆâ–â–â–â–<br />105 to 105,0.1,0.1,0.1,0.1,0.1,â–â–â–â–â–â–ˆâ–â–â–â–<br />0 to 0,2019-09-27,2019-09-27,2021-06-03,2021-06-03,2021-05-26,2021-05-26,GT,gatetoken
161,telcoin,telcoin/ico,,1,11.0,11.0,11,11,11,â–â–â–â–â–â–ˆâ–â–â–â–<br />11 to 11,3.0,3.0,3,3,3,7.0,7.0,7,7,7,208.0,208.0,208,208,â–â–â–â–â–â–ˆâ–â–â–â–<br />208 to 208,0.05,0.05,0.05,0.05,0.05,â–â–â–â–â–â–ˆâ–â–â–â–<br />0 to 0,2017-10-06,2017-10-06,2021-04-15,2021-04-15,2018-01-08,2018-01-08,TEL,telcoin
